date,sim_cms,obs_cms
2010-01-01,0.0000,0.6580
2010-01-02,0.0000,0.6530
2010-01-03,0.0000,0.6490
2010-01-04,0.0000,0.6460
2010-01-05,0.0000,0.6430
2010-01-06,0.0000,0.6400
2010-01-07,0.0000,0.6370
2010-01-08,0.0000,0.6350
2010-01-09,0.0001,0.6320
2010-01-10,0.0009,0.6290
2010-01-11,0.0000,0.6270
2010-01-12,0.0000,0.6250
2010-01-13,0.0000,0.6220
2010-01-14,0.0000,0.6200
2010-01-15,0.0000,0.6180
2010-01-16,0.0000,0.6160
2010-01-17,0.0000,0.6140
2010-01-18,0.0000,0.6120
2010-01-19,0.0000,0.6100
2010-01-20,0.0000,0.6080
2010-01-21,0.0000,0.6060
2010-01-22,0.0000,0.6050
2010-01-23,0.0000,0.6030
2010-01-24,0.0000,0.6020
2010-01-25,0.0000,0.6000
2010-01-26,0.0000,0.5990
2010-01-27,0.0000,0.5980
2010-01-28,0.0000,0.5970
2010-01-29,0.0000,0.5950
2010-01-30,0.0000,0.5940
2010-01-31,0.0000,0.5930
2010-02-01,0.0000,0.5920
2010-02-02,0.0000,0.5910
2010-02-03,0.0000,0.5910
2010-02-04,0.0000,0.5900
2010-02-05,0.0000,0.5890
2010-02-06,0.0000,0.5880
2010-02-07,0.0000,0.5870
2010-02-08,0.0000,0.5870
2010-02-09,0.0000,0.5860
2010-02-10,0.0000,0.5850
2010-02-11,0.0000,0.5840
2010-02-12,0.0000,0.5840
2010-02-13,0.0000,0.5830
2010-02-14,0.0000,0.5820
2010-02-15,0.0000,0.5810
2010-02-16,0.0000,0.5800
2010-02-17,0.0000,0.5800
2010-02-18,0.0000,0.5790
2010-02-19,0.0000,0.5780
2010-02-20,0.0000,0.5770
2010-02-21,0.0000,0.5760
2010-02-22,0.0000,0.5750
2010-02-23,0.0000,0.5740
2010-02-24,0.0000,0.5730
2010-02-25,0.0000,0.5720
2010-02-26,0.0000,0.5710
2010-02-27,0.0000,0.5700
2010-02-28,0.0000,0.5690
2010-03-01,0.0000,0.5680
2010-03-02,0.0000,0.5670
2010-03-03,0.0000,0.5660
2010-03-04,0.0000,0.5650
2010-03-05,0.0000,0.5640
2010-03-06,0.0000,0.5630
2010-03-07,0.0000,0.5620
2010-03-08,0.0000,0.5620
2010-03-09,0.0000,0.5610
2010-03-10,0.0000,0.5600
2010-03-11,0.0000,0.5590
2010-03-12,0.0000,0.5580
2010-03-13,0.0000,0.5580
2010-03-14,0.0000,0.5570
2010-03-15,0.0000,0.5570
2010-03-16,0.0000,0.5560
2010-03-17,0.0000,0.5560
2010-03-18,0.0000,0.5550
2010-03-19,0.0000,0.5550
2010-03-20,0.0000,0.5550
2010-03-21,0.0000,0.5550
2010-03-22,0.0000,0.5540
2010-03-23,0.0000,0.5540
2010-03-24,0.0000,0.5540
2010-03-25,0.0000,0.5540
2010-03-26,0.0000,0.5540
2010-03-27,0.0000,0.5540
2010-03-28,0.0000,0.5540
2010-03-29,0.0000,0.5540
2010-03-30,0.0000,0.5550
2010-03-31,0.0000,0.5550
2010-04-01,0.0000,0.5550
2010-04-02,0.0000,0.5550
2010-04-03,0.0000,0.5560
2010-04-04,0.0000,0.5560
2010-04-05,0.0000,0.5560
2010-04-06,0.0000,0.5560
2010-04-07,0.0000,0.5560
2010-04-08,0.0000,0.5570
2010-04-09,0.0000,0.5570
2010-04-10,0.0000,0.5570
2010-04-11,0.0000,0.5570
2010-04-12,0.0000,0.5580
2010-04-13,0.0000,0.5580
2010-04-14,0.0000,0.5580
2010-04-15,0.0000,0.5590
2010-04-16,0.0000,0.5590
2010-04-17,0.0000,0.5600
2010-04-18,0.0000,0.5610
2010-04-19,0.0000,0.5620
2010-04-20,0.0000,0.5630
2010-04-21,0.0000,0.5640
2010-04-22,0.0000,0.5650
2010-04-23,0.0000,0.5660
2010-04-24,0.0000,0.5670
2010-04-25,0.0000,0.5670
2010-04-26,0.0000,0.5680
2010-04-27,0.0000,0.5700
2010-04-28,0.0000,0.5730
2010-04-29,0.0000,0.5770
2010-04-30,0.0000,0.5840
2010-05-01,0.0000,0.5940
2010-05-02,0.0106,0.6060
2010-05-03,13.5388,0.6200
2010-05-04,0.0000,0.6360
2010-05-05,0.0000,0.6560
2010-05-06,0.0000,0.6800
2010-05-07,0.0000,0.7110
2010-05-08,0.8140,0.7510
2010-05-09,0.7860,0.8040
2010-05-10,0.4966,0.8760
2010-05-11,2.5965,0.9930
2010-05-12,3.8131,1.3800
2010-05-13,4.8365,3.8600
2010-05-14,27.4843,35.3000
2010-05-15,26.9724,94.8000
2010-05-16,33.3050,102.0000
2010-05-17,42.4750,136.0000
2010-05-18,36.2376,114.0000
2010-05-19,30.8741,113.0000
2010-05-20,28.0671,104.0000
2010-05-21,61.4707,69.5000
2010-05-22,180.6113,54.6000
2010-05-23,146.2124,47.0000
2010-05-24,89.5026,42.3000
2010-05-25,152.9632,74.8000
2010-05-26,138.2957,53.3000
2010-05-27,120.0091,40.6000
2010-05-28,109.9321,34.5000
2010-05-29,105.9757,30.9000
2010-05-30,103.6293,32.3000
2010-05-31,90.1685,27.9000
2010-06-01,54.4581,22.0000
2010-06-02,68.6703,23.6000
2010-06-03,106.4967,29.9000
2010-06-04,74.1769,25.2000
2010-06-05,34.2688,18.8000
2010-06-06,39.6476,14.9000
2010-06-07,62.4147,12.7000
2010-06-08,80.6259,11.9000
2010-06-09,96.8380,12.1000
2010-06-10,82.9376,12.3000
2010-06-11,103.8677,17.2000
2010-06-12,128.1129,32.0000
2010-06-13,134.1152,38.8000
2010-06-14,107.0921,33.2000
2010-06-15,84.9355,26.8000
2010-06-16,67.0895,25.8000
2010-06-17,109.1605,29.8000
2010-06-18,107.2364,42.4000
2010-06-19,128.5440,59.7000
2010-06-20,97.9983,45.0000
2010-06-21,61.7659,31.8000
2010-06-22,60.5980,26.9000
2010-06-23,35.4456,25.1000
2010-06-24,11.6177,28.8000
2010-06-25,14.3202,55.0000
2010-06-26,19.7151,68.2000
2010-06-27,12.9930,46.0000
2010-06-28,4.4725,32.9000
2010-06-29,1.1660,29.8000
2010-06-30,17.0308,33.7000
2010-07-01,3.0618,40.9000
2010-07-02,0.2588,42.4000
2010-07-03,1.7097,44.4000
2010-07-04,12.2856,45.6000
2010-07-05,8.1885,56.6000
2010-07-06,5.3395,54.3000
2010-07-07,3.2003,42.3000
2010-07-08,21.2514,51.4000
2010-07-09,9.6507,56.1000
2010-07-10,10.7277,47.2000
2010-07-11,1.1619,44.6000
2010-07-12,4.2701,51.2000
2010-07-13,15.5501,54.4000
2010-07-14,69.0429,55.0000
2010-07-15,15.3670,40.1000
2010-07-16,10.7890,36.0000
2010-07-17,2.1916,44.2000
2010-07-18,74.3671,71.9000
2010-07-19,41.5858,54.2000
2010-07-20,28.6579,39.3000
2010-07-21,25.5400,34.4000
2010-07-22,57.9172,39.7000
2010-07-23,36.4689,34.8000
2010-07-24,9.1666,27.2000
2010-07-25,0.6255,22.5000
2010-07-26,7.1926,23.3000
2010-07-27,15.8324,29.5000
2010-07-28,1.0156,27.8000
2010-07-29,0.3096,24.7000
2010-07-30,3.8146,27.6000
2010-07-31,17.1139,29.8000
2010-08-01,2.1872,29.4000
2010-08-02,15.7283,29.0000
2010-08-03,5.1679,23.3000
2010-08-04,3.7626,19.4000
2010-08-05,4.8865,17.7000
2010-08-06,0.5985,17.4000
2010-08-07,4.3594,16.8000
2010-08-08,1.3217,15.4000
2010-08-09,0.2299,14.1000
2010-08-10,2.2059,13.5000
2010-08-11,2.4140,12.8000
2010-08-12,0.2620,12.7000
2010-08-13,3.9478,14.3000
2010-08-14,30.4432,20.7000
2010-08-15,17.9356,22.0000
2010-08-16,1.9058,18.2000
2010-08-17,0.0881,14.6000
2010-08-18,0.0219,12.2000
2010-08-19,0.0161,10.8000
2010-08-20,0.0031,9.8900
2010-08-21,1.1363,9.4200
2010-08-22,14.4930,9.5700
2010-08-23,4.5251,9.6400
2010-08-24,0.3337,9.0300
2010-08-25,0.4587,8.3800
2010-08-26,0.6804,7.7500
2010-08-27,0.3938,7.1900
2010-08-28,1.0964,6.7100
2010-08-29,2.7848,6.3400
2010-08-30,2.8627,6.1000
2010-08-31,8.9371,6.0300
2010-09-01,37.5468,6.4600
2010-09-02,12.6233,6.7100
2010-09-03,4.3243,6.9300
2010-09-04,10.6395,8.1400
2010-09-05,22.5571,10.8000
2010-09-06,7.1128,12.9000
2010-09-07,1.2412,12.4000
2010-09-08,0.1316,10.9000
2010-09-09,0.0006,9.7700
2010-09-10,0.4968,9.0500
2010-09-11,0.5216,8.5200
2010-09-12,3.9420,8.1500
2010-09-13,6.8732,7.9200
2010-09-14,3.5614,7.9500
2010-09-15,17.4109,14.9000
2010-09-16,34.2434,17.4000
2010-09-17,9.8146,14.7000
2010-09-18,3.5280,12.3000
2010-09-19,7.0848,10.6000
2010-09-20,3.6396,9.4000
2010-09-21,3.5043,8.5400
2010-09-22,1.8387,7.9900
2010-09-23,17.0335,7.9300
2010-09-24,5.5126,7.5900
2010-09-25,8.9833,7.2600
2010-09-26,5.3555,7.0200
2010-09-27,5.5933,6.7600
2010-09-28,2.6348,6.6100
2010-09-29,1.5299,6.4800
2010-09-30,0.3630,6.3500
2010-10-01,8.6846,6.1400
2010-10-02,6.3664,5.9200
2010-10-03,3.7383,5.7800
2010-10-04,0.7602,5.7300
2010-10-05,0.6838,5.7600
2010-10-06,0.5130,6.1500
2010-10-07,7.5452,6.0900
2010-10-08,32.4554,8.4100
2010-10-09,78.8737,13.8000
2010-10-10,15.0835,15.6000
2010-10-11,4.1108,13.9000
2010-10-12,0.4139,12.0000
2010-10-13,0.0001,10.8000
2010-10-14,0.0000,9.8400
2010-10-15,0.0002,9.1900
2010-10-16,0.0002,8.5500
2010-10-17,0.1417,8.6700
2010-10-18,11.7755,9.2900
2010-10-19,1.0664,9.3200
2010-10-20,0.2269,8.8100
2010-10-21,0.0001,8.2000
2010-10-22,0.0000,7.5900
2010-10-23,0.0000,6.9900
2010-10-24,0.0000,6.4200
2010-10-25,0.0000,5.8500
2010-10-26,0.0000,5.3300
2010-10-27,0.0000,4.8500
2010-10-28,0.0000,4.4200
2010-10-29,0.0000,4.0300
2010-10-30,0.0000,3.6800
2010-10-31,0.0000,3.3500
2010-11-01,0.0088,3.1000
2010-11-02,0.0000,2.8800
2010-11-03,0.0000,2.6700
2010-11-04,0.0000,2.5000
2010-11-05,0.0000,2.3300
2010-11-06,0.0000,2.2000
2010-11-07,0.0000,2.0800
2010-11-08,0.0000,1.9700
2010-11-09,0.0000,1.8700
2010-11-10,0.0000,1.7800
2010-11-11,0.0000,1.7000
2010-11-12,0.0000,1.6300
2010-11-13,0.0000,1.5700
2010-11-14,0.0000,1.5100
2010-11-15,0.0000,1.4500
2010-11-16,0.0000,1.4000
2010-11-17,0.0000,1.3600
2010-11-18,0.0000,1.3100
2010-11-19,0.0000,1.2700
2010-11-20,0.0000,1.2400
2010-11-21,0.0000,1.2000
2010-11-22,0.0000,1.1700
2010-11-23,0.0000,1.1300
2010-11-24,0.0000,1.1000
2010-11-25,0.0000,1.0800
2010-11-26,0.0000,1.0500
2010-11-27,0.0000,1.0200
2010-11-28,0.0000,1.0000
2010-11-29,0.0000,0.9800
2010-11-30,0.0000,0.9590
2010-12-01,0.0000,0.9380
2010-12-02,0.0000,0.9200
2010-12-03,0.0000,0.9030
2010-12-04,0.0000,0.8870
2010-12-05,0.0000,0.8710
2010-12-06,0.0000,0.8570
2010-12-07,0.0000,0.8430
2010-12-08,0.0000,0.8290
2010-12-09,0.0000,0.8170
2010-12-10,0.0000,0.8050
2010-12-11,0.0000,0.7940
2010-12-12,0.0000,0.7840
2010-12-13,0.0000,0.7740
2010-12-14,0.0000,0.7640
2010-12-15,0.0000,0.7560
2010-12-16,0.0000,0.7470
2010-12-17,0.0000,0.7390
2010-12-18,0.0000,0.7320
2010-12-19,0.0000,0.7250
2010-12-20,0.0000,0.7180
2010-12-21,0.0000,0.7120
2010-12-22,0.0000,0.7060
2010-12-23,0.0000,0.7000
2010-12-24,0.0000,0.6940
2010-12-25,0.0000,0.6890
2010-12-26,0.0000,0.6840
2010-12-27,0.0000,0.6790
2010-12-28,0.0000,0.6740
2010-12-29,0.0000,0.6700
2010-12-30,0.0000,0.6660
2010-12-31,0.0000,0.6620
2011-01-01,0.0000,0.6580
2011-01-02,0.0000,0.6540
2011-01-03,0.0000,0.6500
2011-01-04,0.0000,0.6460
2011-01-05,0.0000,0.6430
2011-01-06,0.0000,0.6390
2011-01-07,0.0000,0.6360
2011-01-08,0.0000,0.6330
2011-01-09,0.0000,0.6300
2011-01-10,0.0000,0.6270
2011-01-11,0.0000,0.6240
2011-01-12,0.0000,0.6210
2011-01-13,0.0000,0.6180
2011-01-14,0.0000,0.6160
2011-01-15,0.0000,0.6130
2011-01-16,0.0000,0.6110
2011-01-17,0.0000,0.6090
2011-01-18,0.0000,0.6060
2011-01-19,0.0000,0.6040
2011-01-20,0.0000,0.6020
2011-01-21,0.0000,0.6000
2011-01-22,0.0000,0.5980
2011-01-23,0.0000,0.5960
2011-01-24,0.0000,0.5940
2011-01-25,0.0000,0.5930
2011-01-26,0.0000,0.5910
2011-01-27,0.0000,0.5890
2011-01-28,0.0000,0.5880
2011-01-29,0.0000,0.5860
2011-01-30,0.0000,0.5850
2011-01-31,0.0000,0.5830
2011-02-01,0.0000,0.5820
2011-02-02,0.0000,0.5800
2011-02-03,0.0000,0.5790
2011-02-04,0.0000,0.5780
2011-02-05,0.0000,0.5770
2011-02-06,0.0000,0.5750
2011-02-07,0.0000,0.5740
2011-02-08,0.0000,0.5730
2011-02-09,0.0000,0.5720
2011-02-10,0.0000,0.5710
2011-02-11,0.0000,0.5700
2011-02-12,0.0000,0.5690
2011-02-13,0.0000,0.5680
2011-02-14,0.0000,0.5670
2011-02-15,0.0000,0.5660
2011-02-16,0.0000,0.5650
2011-02-17,0.0000,0.5640
2011-02-18,0.0000,0.5630
2011-02-19,0.0000,0.5620
2011-02-20,0.0000,0.5610
2011-02-21,0.0000,0.5600
2011-02-22,0.0000,0.5600
2011-02-23,0.0000,0.5590
2011-02-24,0.0000,0.5580
2011-02-25,0.0000,0.5570
2011-02-26,0.0000,0.5560
2011-02-27,0.0000,0.5550
2011-02-28,0.0000,0.5540
2011-03-01,0.0000,0.5540
2011-03-02,0.0000,0.5530
2011-03-03,0.0000,0.5520
2011-03-04,0.0000,0.5510
2011-03-05,0.0000,0.5500
2011-03-06,0.0000,0.5500
2011-03-07,0.0000,0.5490
2011-03-08,0.0000,0.5480
2011-03-09,0.0000,0.5470
2011-03-10,0.0000,0.5470
2011-03-11,0.0000,0.5460
2011-03-12,0.0000,0.5450
2011-03-13,0.0000,0.5440
2011-03-14,0.0000,0.5440
2011-03-15,0.0000,0.5430
2011-03-16,0.0000,0.5420
2011-03-17,0.0000,0.5410
2011-03-18,0.0000,0.5410
2011-03-19,0.0000,0.5400
2011-03-20,0.0000,0.5390
2011-03-21,0.0000,0.5390
2011-03-22,0.0000,0.5380
2011-03-23,0.0000,0.5370
2011-03-24,0.0000,0.5370
2011-03-25,0.0000,0.5380
2011-03-26,0.0000,0.5380
2011-03-27,0.0000,0.5390
2011-03-28,0.0000,0.5400
2011-03-29,0.0000,0.5400
2011-03-30,0.0000,0.5420
2011-03-31,0.0000,0.5430
2011-04-01,0.0000,0.5450
2011-04-02,0.0000,0.5470
2011-04-03,0.0000,0.5490
2011-04-04,0.0000,0.5520
2011-04-05,0.0000,0.5550
2011-04-06,0.3427,0.5590
2011-04-07,1.5961,0.5640
2011-04-08,3.1270,0.5680
2011-04-09,1.4027,0.5740
2011-04-10,0.0000,0.5800
2011-04-11,0.0000,0.5880
2011-04-12,0.0000,0.5960
2011-04-13,0.0000,0.6050
2011-04-14,0.0000,0.6150
2011-04-15,0.0034,0.6270
2011-04-16,0.4333,0.6400
2011-04-17,0.1817,0.6540
2011-04-18,0.0000,0.6710
2011-04-19,0.0000,0.6900
2011-04-20,41.6856,0.7110
2011-04-21,4.5599,0.7340
2011-04-22,14.3997,0.7600
2011-04-23,18.9047,0.7890
2011-04-24,23.6934,0.8220
2011-04-25,36.4918,0.8580
2011-04-26,58.5371,0.8990
2011-04-27,33.7929,0.9450
2011-04-28,26.0567,1.0000
2011-04-29,39.9705,1.0700
2011-04-30,34.0728,1.1700
2011-05-01,30.9869,1.3000
2011-05-02,16.5726,1.4800
2011-05-03,7.7320,1.7200
2011-05-04,4.3188,2.0500
2011-05-05,16.0380,2.4800
2011-05-06,23.3908,3.0600
2011-05-07,33.6858,3.7800
2011-05-08,37.0526,5.1000
2011-05-09,61.2509,6.8200
2011-05-10,72.0436,9.4400
2011-05-11,79.1549,12.2000
2011-05-12,83.5256,15.7000
2011-05-13,84.2615,20.9000
2011-05-14,85.8446,24.3000
2011-05-15,83.7589,23.1000
2011-05-16,91.0877,24.7000
2011-05-17,77.1980,24.4000
2011-05-18,68.6323,22.0000
2011-05-19,66.9716,21.7000
2011-05-20,51.2435,25.0000
2011-05-21,74.8551,28.3000
2011-05-22,59.9914,33.5000
2011-05-23,100.5530,52.3000
2011-05-24,102.2583,53.9000
2011-05-25,85.3037,47.9000
2011-05-26,199.0554,35.6000
2011-05-27,111.5008,27.7000
2011-05-28,114.8295,26.8000
2011-05-29,119.6366,40.8000
2011-05-30,121.0265,46.7000
2011-05-31,86.6424,46.9000
2011-06-01,87.4650,48.6000
2011-06-02,88.2822,46.9000
2011-06-03,76.5109,56.4000
2011-06-04,190.4946,57.6000
2011-06-05,169.9318,43.4000
2011-06-06,120.3991,63.5000
2011-06-07,150.9540,128.0000
2011-06-08,167.0393,151.0000
2011-06-09,160.2810,156.0000
2011-06-10,162.4302,130.0000
2011-06-11,220.9366,116.0000
2011-06-12,188.6649,91.3000
2011-06-13,133.2154,66.8000
2011-06-14,108.4255,53.1000
2011-06-15,56.2999,47.4000
2011-06-16,29.2934,47.7000
2011-06-17,10.3821,47.5000
2011-06-18,1.8219,46.9000
2011-06-19,2.0367,48.2000
2011-06-20,28.9208,103.0000
2011-06-21,58.7521,140.0000
2011-06-22,60.6569,82.0000
2011-06-23,32.7376,55.1000
2011-06-24,17.4374,45.4000
2011-06-25,7.1765,41.3000
2011-06-26,5.1107,37.1000
2011-06-27,15.5881,39.4000
2011-06-28,13.7152,54.7000
2011-06-29,32.7781,70.9000
2011-06-30,29.9379,64.5000
2011-07-01,22.7544,52.4000
2011-07-02,10.5567,41.1000
2011-07-03,2.8866,32.2000
2011-07-04,1.4369,29.1000
2011-07-05,1.9246,30.2000
2011-07-06,3.8383,31.7000
2011-07-07,3.2609,33.2000
2011-07-08,9.5141,39.6000
2011-07-09,3.1603,54.8000
2011-07-10,31.4389,52.0000
2011-07-11,22.9958,42.6000
2011-07-12,20.0898,34.1000
2011-07-13,15.9249,27.0000
2011-07-14,38.8852,26.2000
2011-07-15,23.0714,26.2000
2011-07-16,15.4085,23.1000
2011-07-17,4.6233,20.7000
2011-07-18,15.5277,24.7000
2011-07-19,44.7769,34.9000
2011-07-20,38.0538,34.3000
2011-07-21,33.7648,29.8000
2011-07-22,10.7961,25.0000
2011-07-23,18.5322,33.1000
2011-07-24,11.1890,37.1000
2011-07-25,22.9702,35.3000
2011-07-26,17.4411,32.6000
2011-07-27,8.5754,28.1000
2011-07-28,1.5213,23.0000
2011-07-29,2.6745,20.3000
2011-07-30,5.6710,19.0000
2011-07-31,1.1292,18.1000
2011-08-01,2.0687,17.1000
2011-08-02,1.8930,16.8000
2011-08-03,1.1680,15.4000
2011-08-04,0.0731,14.0000
2011-08-05,0.3705,12.4000
2011-08-06,6.4999,11.9000
2011-08-07,2.9779,11.5000
2011-08-08,4.1318,10.9000
2011-08-09,0.8284,10.3000
2011-08-10,4.2850,9.6800
2011-08-11,5.9768,9.1900
2011-08-12,10.5480,9.0300
2011-08-13,1.3816,8.5700
2011-08-14,0.1418,8.2700
2011-08-15,0.0000,8.3500
2011-08-16,0.2647,9.5100
2011-08-17,0.2070,10.7000
2011-08-18,9.7974,11.1000
2011-08-19,13.9031,11.3000
2011-08-20,4.8079,10.8000
2011-08-21,5.8491,11.2000
2011-08-22,9.3965,11.9000
2011-08-23,15.1762,11.8000
2011-08-24,4.1782,10.9000
2011-08-25,4.6177,10.2000
2011-08-26,7.0002,11.7000
2011-08-27,4.2451,12.2000
2011-08-28,14.6500,13.9000
2011-08-29,39.9248,19.1000
2011-08-30,21.8515,20.5000
2011-08-31,23.6258,19.8000
2011-09-01,12.0781,17.7000
2011-09-02,5.1058,14.9000
2011-09-03,2.8150,12.9000
2011-09-04,5.1052,11.9000
2011-09-05,6.2806,11.7000
2011-09-06,8.7561,12.6000
2011-09-07,9.5173,16.8000
2011-09-08,15.2055,15.9000
2011-09-09,20.2038,14.6000
2011-09-10,25.1986,14.4000
2011-09-11,14.7121,14.1000
2011-09-12,21.4524,16.4000
2011-09-13,30.1812,17.6000
2011-09-14,47.1047,21.8000
2011-09-15,40.9881,20.8000
2011-09-16,31.9967,18.7000
2011-09-17,23.7856,17.1000
2011-09-18,11.9678,16.0000
2011-09-19,5.9745,14.4000
2011-09-20,15.9897,13.3000
2011-09-21,10.2386,12.3000
2011-09-22,25.0447,12.1000
2011-09-23,15.0100,11.0000
2011-09-24,7.9655,10.2000
2011-09-25,7.3182,9.7400
2011-09-26,9.3080,10.0000
2011-09-27,28.6269,10.3000
2011-09-28,20.6712,10.3000
2011-09-29,31.6910,11.4000
2011-09-30,40.9729,12.5000
2011-10-01,23.7812,14.7000
2011-10-02,38.3467,16.0000
2011-10-03,20.5850,15.6000
2011-10-04,34.6591,14.7000
2011-10-05,26.6349,13.4000
2011-10-06,27.4482,13.8000
2011-10-07,69.8661,14.6000
2011-10-08,32.8140,12.8000
2011-10-09,0.5121,11.4000
2011-10-10,0.0000,10.5000
2011-10-11,0.0000,9.8000
2011-10-12,1.1826,9.2100
2011-10-13,0.1541,8.6000
2011-10-14,0.1864,9.5800
2011-10-15,39.1290,12.1000
2011-10-16,54.5147,15.6000
2011-10-17,47.0841,16.4000
2011-10-18,40.0901,15.8000
2011-10-19,80.7123,14.4000
2011-10-20,73.2872,13.9000
2011-10-21,42.5554,11.8000
2011-10-22,11.3380,11.5000
2011-10-23,2.0802,11.3000
2011-10-24,1.0522,11.6000
2011-10-25,0.0236,10.9000
2011-10-26,0.0000,10.1000
2011-10-27,0.2213,9.5900
2011-10-28,1.4860,9.1600
2011-10-29,26.5811,9.4000
2011-10-30,42.5833,9.7800
2011-10-31,39.9881,11.2000
2011-11-01,63.2339,18.1000
2011-11-02,92.6288,25.6000
2011-11-03,52.1021,21.7000
2011-11-04,23.5630,17.6000
2011-11-05,13.2889,16.5000
2011-11-06,23.2614,16.6000
2011-11-07,42.7130,16.5000
2011-11-08,22.5894,15.3000
2011-11-09,8.1463,13.9000
2011-11-10,0.6700,13.4000
2011-11-11,0.5226,13.2000
2011-11-12,0.0497,12.6000
2011-11-13,36.6147,12.7000
2011-11-14,0.0039,10.7000
2011-11-15,9.6925,16.5000
2011-11-16,206.1348,30.2000
2011-11-17,0.6590,27.0000
2011-11-18,0.1192,19.6000
2011-11-19,1.3084,13.3000
2011-11-20,2.1604,11.0000
2011-11-21,2.2309,9.2300
2011-11-22,3.2280,8.0000
2011-11-23,3.9467,7.1100
2011-11-24,2.4445,6.4600
2011-11-25,1.3532,5.9400
2011-11-26,1.6445,5.5100
2011-11-27,1.7976,5.1300
2011-11-28,0.8346,4.7900
2011-11-29,0.8700,4.4900
2011-11-30,0.3438,4.2300
2011-12-01,0.1317,3.9800
2011-12-02,0.1113,3.7600
2011-12-03,0.3527,3.5600
2011-12-04,0.0263,3.3800
2011-12-05,0.0000,3.2100
2011-12-06,0.0000,3.0700
2011-12-07,0.0000,2.9300
2011-12-08,0.0000,2.8200
2011-12-09,0.0000,2.7200
2011-12-10,0.0000,2.6300
2011-12-11,0.0000,2.5500
2011-12-12,0.0000,2.4900
2011-12-13,0.0000,2.4400
2011-12-14,0.0000,2.4000
2011-12-15,0.0000,2.3600
2011-12-16,0.0000,2.3300
2011-12-17,0.0000,2.3000
2011-12-18,0.0000,2.2800
2011-12-19,0.0000,2.2600
2011-12-20,0.0000,2.2400
2011-12-21,0.0000,2.2200
2011-12-22,0.0000,2.2000
2011-12-23,0.0000,2.1900
2011-12-24,0.0000,2.1800
2011-12-25,0.0000,2.1600
2011-12-26,0.0000,2.1500
2011-12-27,0.0000,2.1400
2011-12-28,0.0000,2.1300
2011-12-29,0.0000,2.1200
2011-12-30,0.0000,2.1100
2011-12-31,0.0000,2.1000
2012-01-01,0.0000,2.0900
2012-01-02,0.0000,2.0800
2012-01-03,0.0000,2.0700
2012-01-04,0.0000,2.0600
2012-01-05,0.0000,2.0500
2012-01-06,0.0000,2.0500
2012-01-07,0.0000,2.0400
2012-01-08,0.0000,2.0300
2012-01-09,0.0000,2.0300
2012-01-10,0.0000,2.0200
2012-01-11,0.0000,2.0200
2012-01-12,0.0000,2.0100
2012-01-13,0.0000,2.0100
2012-01-14,0.0000,2.0000
2012-01-15,0.0000,2.0000
2012-01-16,0.0000,1.9900
2012-01-17,0.0000,1.9900
2012-01-18,0.0000,1.9800
2012-01-19,0.0000,1.9800
2012-01-20,0.0000,1.9800
2012-01-21,0.0000,1.9700
2012-01-22,0.0000,1.9700
2012-01-23,0.0000,1.9700
2012-01-24,0.0000,1.9600
2012-01-25,0.0000,1.9600
2012-01-26,0.0000,1.9600
2012-01-27,0.0000,1.9600
2012-01-28,0.0000,1.9600
2012-01-29,0.0000,1.9500
2012-01-30,0.0000,1.9500
2012-01-31,0.0000,1.9500
2012-02-01,0.0000,1.9500
2012-02-02,0.0000,1.9500
2012-02-03,0.0000,1.9500
2012-02-04,0.0000,1.9500
2012-02-05,0.0000,1.9400
2012-02-06,0.0000,1.9400
2012-02-07,0.0000,1.9400
2012-02-08,0.0000,1.9400
2012-02-09,0.0000,1.9400
2012-02-10,0.0000,1.9400
2012-02-11,0.1996,1.9400
2012-02-12,0.0000,1.9400
2012-02-13,0.0000,1.9400
2012-02-14,0.0000,1.9400
2012-02-15,0.0000,1.9400
2012-02-16,0.0000,1.9400
2012-02-17,0.0000,1.9400
2012-02-18,0.0000,1.9400
2012-02-19,0.0000,1.9400
2012-02-20,0.0000,1.9400
2012-02-21,0.0000,1.9300
2012-02-22,0.0000,1.9300
2012-02-23,0.0000,1.9300
2012-02-24,0.0000,1.9300
2012-02-25,0.0000,1.9300
2012-02-26,0.0000,1.9300
2012-02-27,0.0000,1.9300
2012-02-28,0.0000,1.9300
2012-02-29,0.0000,1.9300
2012-03-01,0.0000,1.9300
2012-03-02,0.0000,1.9300
2012-03-03,0.0000,1.9200
2012-03-04,0.0000,1.9200
2012-03-05,0.0000,1.9200
2012-03-06,0.0000,1.9200
2012-03-07,0.0000,1.9200
2012-03-08,0.0000,1.9200
2012-03-09,0.0000,1.9100
2012-03-10,0.0000,1.9100
2012-03-11,0.0000,1.9100
2012-03-12,0.0000,1.9100
2012-03-13,0.0000,1.9000
2012-03-14,0.0000,1.9000
2012-03-15,0.0000,1.9000
2012-03-16,0.0000,1.9000
2012-03-17,0.0000,1.9000
2012-03-18,0.0000,1.8900
2012-03-19,0.0000,1.8900
2012-03-20,0.0000,1.8900
2012-03-21,0.0000,1.8900
2012-03-22,0.0000,1.8800
2012-03-23,0.0000,1.8800
2012-03-24,0.0000,1.8800
2012-03-25,0.0000,1.8800
2012-03-26,0.0000,1.8700
2012-03-27,0.0000,1.8700
2012-03-28,0.0000,1.8700
2012-03-29,0.0000,1.8700
2012-03-30,0.0000,1.8600
2012-03-31,0.0000,1.8600
2012-04-01,0.0000,1.8600
2012-04-02,0.0000,1.8600
2012-04-03,0.0000,1.8600
2012-04-04,0.0000,1.8600
2012-04-05,0.0000,1.8500
2012-04-06,0.0000,1.8500
2012-04-07,0.0000,1.8500
2012-04-08,0.0000,1.8500
2012-04-09,0.0000,1.8500
2012-04-10,0.0000,1.8500
2012-04-11,0.0000,1.8500
2012-04-12,0.0000,1.8500
2012-04-13,0.0000,1.8500
2012-04-14,0.0000,1.8500
2012-04-15,0.0000,1.8400
2012-04-16,0.0000,1.8400
2012-04-17,0.0000,1.8400
2012-04-18,0.0000,1.8400
2012-04-19,0.0000,1.8400
2012-04-20,0.0000,1.8400
2012-04-21,0.0000,1.8400
2012-04-22,0.0000,1.8400
2012-04-23,0.0000,1.8400
2012-04-24,0.0000,1.8400
2012-04-25,0.0000,1.8400
2012-04-26,0.0000,1.8400
2012-04-27,9.6674,1.8400
2012-04-28,0.8068,1.8400
2012-04-29,0.0298,1.8400
2012-04-30,1.1047,1.8400
2012-05-01,0.0000,1.8400
2012-05-02,2.0400,1.8400
2012-05-03,0.0327,1.8400
2012-05-04,0.0443,1.8400
2012-05-05,0.1241,1.8400
2012-05-06,2.3809,1.8400
2012-05-07,0.0290,1.8400
2012-05-08,0.5304,1.8400
2012-05-09,0.8048,1.8400
2012-05-10,3.9030,1.8400
2012-05-11,4.0353,1.8400
2012-05-12,8.8606,1.8400
2012-05-13,4.4160,1.8500
2012-05-14,5.9551,1.8800
2012-05-15,17.5260,1.9300
2012-05-16,16.5387,2.0200
2012-05-17,20.6777,2.3900
2012-05-18,34.0735,4.6700
2012-05-19,29.8119,6.8900
2012-05-20,18.6470,6.2000
2012-05-21,24.5021,4.4700
2012-05-22,21.6079,3.5200
2012-05-23,25.6535,4.5300
2012-05-24,19.0790,8.4600
2012-05-25,39.9033,15.1000
2012-05-26,26.1849,21.1000
2012-05-27,151.3955,21.1000
2012-05-28,119.5170,16.9000
2012-05-29,120.8880,12.4000
2012-05-30,85.8467,8.8600
2012-05-31,82.2254,7.1300
2012-06-01,50.9779,7.7000
2012-06-02,85.0752,11.7000
2012-06-03,112.1274,20.2000
2012-06-04,125.0450,31.4000
2012-06-05,120.0311,36.8000
2012-06-06,118.6176,37.9000
2012-06-07,95.3688,31.9000
2012-06-08,88.2178,25.0000
2012-06-09,93.1291,21.1000
2012-06-10,97.8401,20.9000
2012-06-11,109.1265,25.7000
2012-06-12,108.5779,29.0000
2012-06-13,102.0430,29.4000
2012-06-14,104.6266,35.3000
2012-06-15,128.0968,37.4000
2012-06-16,115.8564,42.8000
2012-06-17,96.9226,105.0000
2012-06-18,93.7750,103.0000
2012-06-19,79.2142,87.3000
2012-06-20,124.5591,77.9000
2012-06-21,86.9587,60.0000
2012-06-22,109.3298,51.8000
2012-06-23,132.2141,50.0000
2012-06-24,137.2404,57.6000
2012-06-25,110.5692,66.4000
2012-06-26,79.2317,61.1000
2012-06-27,120.0433,46.0000
2012-06-28,83.5734,35.1000
2012-06-29,39.1801,33.5000
2012-06-30,24.9660,52.5000
2012-07-01,27.1037,77.1000
2012-07-02,66.3258,99.7000
2012-07-03,42.8745,74.1000
2012-07-04,11.3039,51.9000
2012-07-05,0.5140,62.3000
2012-07-06,13.1447,78.8000
2012-07-07,0.1181,59.5000
2012-07-08,0.0005,46.0000
2012-07-09,0.7471,37.9000
2012-07-10,0.5769,35.2000
2012-07-11,36.4506,39.6000
2012-07-12,15.2940,58.0000
2012-07-13,29.7761,163.0000
2012-07-14,164.8042,230.0000
2012-07-15,80.6575,100.0000
2012-07-16,38.8028,62.1000
2012-07-17,19.6560,51.6000
2012-07-18,13.5030,46.6000
2012-07-19,11.7963,47.3000
2012-07-20,20.2749,46.4000
2012-07-21,14.0889,41.3000
2012-07-22,8.1887,35.0000
2012-07-23,16.4101,35.3000
2012-07-24,14.8069,43.6000
2012-07-25,24.5648,48.2000
2012-07-26,13.5908,46.9000
2012-07-27,3.1277,42.2000
2012-07-28,15.7182,43.0000
2012-07-29,22.0684,49.3000
2012-07-30,8.0685,50.2000
2012-07-31,4.1095,54.0000
2012-08-01,5.7474,47.1000
2012-08-02,12.4074,38.7000
2012-08-03,2.8240,32.8000
2012-08-04,0.0912,29.3000
2012-08-05,26.5062,29.8000
2012-08-06,12.7354,30.1000
2012-08-07,12.3805,29.0000
2012-08-08,12.1242,27.0000
2012-08-09,1.1975,24.6000
2012-08-10,0.2641,23.5000
2012-08-11,0.7450,24.9000
2012-08-12,0.3624,26.4000
2012-08-13,0.0297,26.3000
2012-08-14,0.4714,25.9000
2012-08-15,5.9247,26.5000
2012-08-16,2.8603,27.4000
2012-08-17,9.5589,27.9000
2012-08-18,6.5847,26.2000
2012-08-19,0.4835,23.3000
2012-08-20,0.0406,21.0000
2012-08-21,4.6945,20.7000
2012-08-22,9.1761,20.8000
2012-08-23,7.6464,19.8000
2012-08-24,3.0646,17.5000
2012-08-25,1.6724,16.1000
2012-08-26,27.2786,17.5000
2012-08-27,50.4826,18.7000
2012-08-28,15.8879,20.5000
2012-08-29,9.7565,20.2000
2012-08-30,2.4937,22.6000
2012-08-31,24.0303,26.4000
2012-09-01,4.5993,25.1000
2012-09-02,9.9820,23.6000
2012-09-03,9.3925,22.6000
2012-09-04,16.4799,23.9000
2012-09-05,22.1007,26.7000
2012-09-06,52.5847,31.5000
2012-09-07,17.6561,29.8000
2012-09-08,14.3484,25.0000
2012-09-09,8.7063,21.3000
2012-09-10,9.5863,19.3000
2012-09-11,0.9251,24.7000
2012-09-12,60.1446,34.4000
2012-09-13,18.6704,31.7000
2012-09-14,19.7542,27.2000
2012-09-15,10.4922,23.7000
2012-09-16,14.2826,21.2000
2012-09-17,30.3685,22.9000
2012-09-18,34.4622,23.0000
2012-09-19,14.6248,21.9000
2012-09-20,8.1031,20.2000
2012-09-21,10.2635,18.7000
2012-09-22,4.2293,17.8000
2012-09-23,4.2271,16.9000
2012-09-24,4.8815,16.0000
2012-09-25,2.5200,15.0000
2012-09-26,18.9959,14.1000
2012-09-27,34.3852,13.5000
2012-09-28,46.4058,13.2000
2012-09-29,46.1980,12.8000
2012-09-30,36.4185,12.4000
2012-10-01,21.1298,12.0000
2012-10-02,11.9986,11.7000
2012-10-03,9.2161,11.3000
2012-10-04,10.6818,13.7000
2012-10-05,50.4725,17.9000
2012-10-06,48.5573,24.5000
2012-10-07,29.8085,21.9000
2012-10-08,18.8760,19.5000
2012-10-09,13.8556,17.6000
2012-10-10,9.4548,16.6000
2012-10-11,7.5734,15.5000
2012-10-12,4.5485,14.2000
2012-10-13,15.8670,13.5000
2012-10-14,6.7987,12.6000
2012-10-15,1.9665,10.8000
2012-10-16,0.0000,10.1000
2012-10-17,0.0000,9.5100
2012-10-18,0.0000,8.9300
2012-10-19,0.0000,8.4000
2012-10-20,0.0016,7.9200
2012-10-21,0.0008,7.5000
2012-10-22,0.0006,7.1300
2012-10-23,1.5747,6.8000
2012-10-24,0.0022,6.5100
2012-10-25,0.0001,6.2500
2012-10-26,0.0008,6.0200
2012-10-27,0.0000,5.8100
2012-10-28,0.0000,5.6100
2012-10-29,0.0000,5.4300
2012-10-30,0.0070,5.2700
2012-10-31,0.2439,5.1200
2012-11-01,0.4429,4.9800
2012-11-02,0.3025,4.8500
2012-11-03,0.1078,4.7400
2012-11-04,0.0273,4.6300
2012-11-05,0.0310,4.5300
2012-11-06,0.1138,4.4400
2012-11-07,0.0718,4.3600
2012-11-08,0.0585,4.2800
2012-11-09,0.0452,4.2100
2012-11-10,0.0591,4.1500
2012-11-11,0.0349,4.0900
2012-11-12,0.0991,4.0400
2012-11-13,0.0821,3.9900
2012-11-14,0.0769,3.9400
2012-11-15,0.0506,3.9000
2012-11-16,0.0573,3.8600
2012-11-17,0.1180,3.8300
2012-11-18,0.0709,3.7900
2012-11-19,0.1700,3.7600
2012-11-20,0.1497,3.7300
2012-11-21,0.0685,3.7000
2012-11-22,0.1246,3.6700
2012-11-23,0.1954,3.6500
2012-11-24,0.1203,3.6200
2012-11-25,0.1578,3.5900
2012-11-26,0.2098,3.5700
2012-11-27,0.1669,3.5400
2012-11-28,0.1545,3.5200
2012-11-29,0.1861,3.5000
2012-11-30,0.1897,3.4700
2012-12-01,0.1066,3.4500
2012-12-02,0.0426,3.4300
2012-12-03,0.0312,3.4100
2012-12-04,0.0259,3.3800
2012-12-05,0.0397,3.3600
2012-12-06,0.0407,3.3400
2012-12-07,0.1412,3.3200
2012-12-08,0.7312,3.3000
2012-12-09,1.2503,3.2800
2012-12-10,0.9396,3.2700
2012-12-11,0.9467,3.2500
2012-12-12,0.7506,3.2300
2012-12-13,0.5159,3.2100
2012-12-14,0.6763,3.1900
2012-12-15,0.7106,3.1800
2012-12-16,0.6039,3.1600
2012-12-17,0.3647,3.1400
2012-12-18,0.5793,3.1300
2012-12-19,0.3713,3.1100
2012-12-20,0.3163,3.0900
2012-12-21,0.4150,3.0800
2012-12-22,0.4260,3.0600
2012-12-23,0.5875,3.0500
2012-12-24,0.7279,3.0300
2012-12-25,0.7707,3.0200
2012-12-26,0.9003,3.0000
2012-12-27,1.0133,2.9900
2012-12-28,0.7177,2.9800
2012-12-29,1.4876,2.9600
2012-12-30,1.0493,2.9500
2012-12-31,0.7750,2.9300
2013-01-01,0.8521,2.9200
2013-01-02,0.7780,2.9100
2013-01-03,0.7018,2.8900
2013-01-04,0.7654,2.8800
2013-01-05,0.5797,2.8700
2013-01-06,0.4676,2.8600
2013-01-07,0.4029,2.8400
2013-01-08,0.5727,2.8300
2013-01-09,0.3987,2.8200
2013-01-10,0.1378,2.8100
2013-01-11,0.2775,2.8000
2013-01-12,0.1436,2.7900
2013-01-13,0.1074,2.7800
2013-01-14,0.1371,2.7700
2013-01-15,0.0789,2.7600
2013-01-16,0.1351,2.7500
2013-01-17,0.1569,2.7400
2013-01-18,0.1493,2.7300
2013-01-19,0.2349,2.7200
2013-01-20,0.3343,2.7100
2013-01-21,0.5313,2.7100
2013-01-22,0.4902,2.7000
2013-01-23,0.2495,2.6900
2013-01-24,0.0988,2.6900
2013-01-25,0.0890,2.6800
2013-01-26,0.1019,2.6800
2013-01-27,0.1482,2.6700
2013-01-28,0.2517,2.6700
2013-01-29,0.1295,2.6600
2013-01-30,0.2482,2.6600
2013-01-31,0.1518,2.6600
2013-02-01,0.1652,2.6500
2013-02-02,0.2801,2.6500
2013-02-03,0.2658,2.6500
2013-02-04,0.4417,2.6500
2013-02-05,0.3287,2.6500
2013-02-06,0.2028,2.6400
2013-02-07,0.1566,2.6400
2013-02-08,0.1123,2.6400
2013-02-09,0.2410,2.6400
2013-02-10,0.1941,2.6400
2013-02-11,0.2735,2.6400
2013-02-12,0.2837,2.6400
2013-02-13,0.5113,2.6400
2013-02-14,0.4231,2.6400
2013-02-15,0.4073,2.6400
2013-02-16,0.4009,2.6500
2013-02-17,0.3370,2.6500
2013-02-18,0.4059,2.6500
2013-02-19,0.5254,2.6500
2013-02-20,0.6555,2.6500
2013-02-21,0.2097,2.6500
2013-02-22,0.3835,2.6600
2013-02-23,0.2413,2.6600
2013-02-24,0.3213,2.6600
2013-02-25,0.7170,2.6600
2013-02-26,0.6216,2.6700
2013-02-27,57.7683,2.6700
2013-02-28,4.5665,2.6700
2013-03-01,1.6205,2.6700
2013-03-02,0.1655,2.6800
2013-03-03,0.0951,2.6800
2013-03-04,0.2429,2.6800
2013-03-05,0.3690,2.6900
2013-03-06,0.6873,2.6900
2013-03-07,0.6407,2.6900
2013-03-08,0.6348,2.7000
2013-03-09,0.7144,2.7000
2013-03-10,0.8793,2.7000
2013-03-11,0.6984,2.7100
2013-03-12,0.7519,2.7100
2013-03-13,0.6871,2.7100
2013-03-14,0.6870,2.7200
2013-03-15,0.8233,2.7200
2013-03-16,0.9713,2.7200
2013-03-17,0.8731,2.7300
2013-03-18,0.6540,2.7300
2013-03-19,1.2238,2.7300
2013-03-20,0.6736,2.7300
2013-03-21,0.4678,2.7400
2013-03-22,0.5224,2.7400
2013-03-23,0.5813,2.7400
2013-03-24,0.6898,2.7400
2013-03-25,0.5302,2.7500
2013-03-26,0.5098,2.7500
2013-03-27,0.6405,2.7500
2013-03-28,0.6408,2.7500
2013-03-29,0.4998,2.7500
2013-03-30,0.6208,2.7500
2013-03-31,0.5104,2.7500
2013-04-01,0.4721,2.7500
2013-04-02,0.7057,2.7500
2013-04-03,0.5285,2.7500
2013-04-04,0.2241,2.7500
2013-04-05,0.2228,2.7500
2013-04-06,0.2179,2.7500
2013-04-07,0.2203,2.7500
2013-04-08,0.1406,2.7500
2013-04-09,0.1218,2.7500
2013-04-10,0.0896,2.7500
2013-04-11,0.0175,2.7500
2013-04-12,0.0104,2.7500
2013-04-13,0.0001,2.7500
2013-04-14,0.0002,2.7600
2013-04-15,0.0001,2.7700
2013-04-16,0.0000,2.7800
2013-04-17,0.0000,2.7900
2013-04-18,0.0001,2.8200
2013-04-19,0.0431,2.8400
2013-04-20,0.1081,2.8700
2013-04-21,0.0000,2.9100
2013-04-22,0.0099,2.9600
2013-04-23,5.4527,3.0100
2013-04-24,76.7727,3.0700
2013-04-25,3.3626,3.1400
2013-04-26,0.0274,3.2100
2013-04-27,0.0000,3.2900
2013-04-28,0.0000,3.3800
2013-04-29,0.1535,3.4700
2013-04-30,0.0779,3.5600
2013-05-01,0.0000,3.6600
2013-05-02,0.1307,3.7800
2013-05-03,0.1231,3.9400
2013-05-04,0.0000,4.2000
2013-05-05,1.2600,4.6100
2013-05-06,3.1273,5.2400
2013-05-07,1.8945,6.1100
2013-05-08,80.7511,7.1700
2013-05-09,47.2976,7.9500
2013-05-10,55.9874,9.5100
2013-05-11,66.3807,12.2000
2013-05-12,83.6133,14.9000
2013-05-13,88.3075,15.8000
2013-05-14,89.3552,19.6000
2013-05-15,116.4039,22.7000
2013-05-16,97.9321,28.0000
2013-05-17,97.0592,40.5000
2013-05-18,92.4752,49.9000
2013-05-19,99.3766,54.4000
2013-05-20,111.1478,63.8000
2013-05-21,118.5222,103.0000
2013-05-22,125.4471,125.0000
2013-05-23,114.7345,108.0000
2013-05-24,114.0816,92.1000
2013-05-25,114.4093,78.1000
2013-05-26,108.5391,68.8000
2013-05-27,86.2841,86.2000
2013-05-28,95.5085,91.5000
2013-05-29,103.9005,100.0000
2013-05-30,122.0492,104.0000
2013-05-31,131.9152,104.0000
2013-06-01,134.3319,113.0000
2013-06-02,143.6071,101.0000
2013-06-03,134.1295,90.8000
2013-06-04,171.3936,59.9000
2013-06-05,152.5221,51.2000
2013-06-06,122.0107,63.7000
2013-06-07,178.6047,88.0000
2013-06-08,162.7657,93.2000
2013-06-09,116.6085,73.6000
2013-06-10,76.1459,53.6000
2013-06-11,51.8214,39.1000
2013-06-12,30.8613,29.6000
2013-06-13,16.0772,26.8000
2013-06-14,23.8212,35.4000
2013-06-15,24.2213,42.1000
2013-06-16,11.5004,39.8000
2013-06-17,32.1685,39.1000
2013-06-18,20.1524,32.9000
2013-06-19,10.0812,31.2000
2013-06-20,40.6886,40.8000
2013-06-21,18.0155,50.6000
2013-06-22,13.5544,68.8000
2013-06-23,26.9042,67.0000
2013-06-24,18.6267,60.5000
2013-06-25,41.3030,55.2000
2013-06-26,20.1413,44.7000
2013-06-27,8.6308,37.2000
2013-06-28,7.5925,41.2000
2013-06-29,5.6850,42.3000
2013-06-30,9.4082,40.5000
2013-07-01,3.9861,43.2000
2013-07-02,85.0840,84.9000
2013-07-03,57.6194,62.3000
2013-07-04,37.4905,46.1000
2013-07-05,31.4948,40.3000
2013-07-06,17.4017,35.0000
2013-07-07,22.1258,34.2000
2013-07-08,38.4786,36.4000
2013-07-09,68.2043,41.4000
2013-07-10,38.7393,35.6000
2013-07-11,26.1052,28.7000
2013-07-12,17.3521,25.8000
2013-07-13,49.6305,35.0000
2013-07-14,56.1472,34.9000
2013-07-15,53.6135,38.9000
2013-07-16,45.1024,37.9000
2013-07-17,23.0132,33.2000
2013-07-18,24.5084,32.6000
2013-07-19,22.8450,32.2000
2013-07-20,24.2585,34.1000
2013-07-21,30.0371,35.2000
2013-07-22,14.9622,31.5000
2013-07-23,5.7800,26.9000
2013-07-24,1.5766,24.5000
2013-07-25,0.3015,22.7000
2013-07-26,0.8751,21.7000
2013-07-27,9.6022,23.7000
2013-07-28,10.0313,25.6000
2013-07-29,17.7318,25.6000
2013-07-30,9.6872,27.0000
2013-07-31,19.9257,30.1000
2013-08-01,7.7217,25.0000
2013-08-02,4.2292,21.2000
2013-08-03,2.1450,20.4000
2013-08-04,29.7164,23.0000
2013-08-05,27.0101,22.1000
2013-08-06,13.0478,21.5000
2013-08-07,42.2568,22.3000
2013-08-08,26.1066,20.8000
2013-08-09,11.5593,18.2000
2013-08-10,4.8655,16.1000
2013-08-11,8.9296,15.0000
2013-08-12,16.3124,14.2000
2013-08-13,7.0430,13.6000
2013-08-14,5.3812,13.1000
2013-08-15,3.5047,12.5000
2013-08-16,3.7331,13.8000
2013-08-17,46.1224,17.4000
2013-08-18,18.6156,18.0000
2013-08-19,29.7361,18.6000
2013-08-20,21.2168,17.7000
2013-08-21,27.6941,16.3000
2013-08-22,32.2147,17.8000
2013-08-23,21.9001,18.8000
2013-08-24,9.5628,18.1000
2013-08-25,3.9355,17.1000
2013-08-26,11.2627,16.7000
2013-08-27,16.8850,17.4000
2013-08-28,32.4832,17.6000
2013-08-29,35.1643,16.7000
2013-08-30,18.5595,15.4000
2013-08-31,9.2339,14.1000
2013-09-01,7.4857,13.4000
2013-09-02,3.0938,12.7000
2013-09-03,7.0984,12.3000
2013-09-04,7.1762,11.9000
2013-09-05,4.9609,12.0000
2013-09-06,9.2641,13.0000
2013-09-07,11.7226,12.6000
2013-09-08,3.4547,11.8000
2013-09-09,1.4755,11.1000
2013-09-10,0.5629,11.0000
2013-09-11,13.7136,11.2000
2013-09-12,2.9070,10.9000
2013-09-13,8.4044,10.7000
2013-09-14,9.8948,10.5000
2013-09-15,29.6472,10.7000
2013-09-16,10.8771,10.6000
2013-09-17,6.2827,10.3000
2013-09-18,6.8945,11.3000
2013-09-19,7.0984,12.0000
2013-09-20,10.8614,13.5000
2013-09-21,76.7008,20.2000
2013-09-22,123.8939,23.2000
2013-09-23,68.0385,22.4000
2013-09-24,44.4492,19.1000
2013-09-25,28.3583,16.6000
2013-09-26,18.2365,15.3000
2013-09-27,8.6580,14.1000
2013-09-28,5.2777,12.9000
2013-09-29,2.5869,11.9000
2013-09-30,2.1496,11.9000
2013-10-01,14.2995,13.2000
2013-10-02,13.1197,13.1000
2013-10-03,7.7799,13.1000
2013-10-04,4.0457,13.3000
2013-10-05,21.0832,15.0000
2013-10-06,33.7993,17.1000
2013-10-07,26.8185,17.3000
2013-10-08,23.0007,16.5000
2013-10-09,47.2278,16.3000
2013-10-10,37.7056,16.2000
2013-10-11,55.7321,21.5000
2013-10-12,90.1479,42.9000
2013-10-13,48.2655,38.4000
2013-10-14,37.2500,29.7000
2013-10-15,2.8068,23.1000
2013-10-16,0.0015,18.7000
2013-10-17,0.0003,16.3000
2013-10-18,0.0016,14.5000
2013-10-19,0.0011,12.9000
2013-10-20,0.0010,11.5000
2013-10-21,0.0002,10.4000
2013-10-22,0.0001,9.5600
2013-10-23,0.0021,8.8600
2013-10-24,0.0006,8.2900
2013-10-25,0.0003,7.8200
2013-10-26,0.0002,7.4300
2013-10-27,0.0002,7.0800
2013-10-28,0.0000,6.7600
2013-10-29,0.1198,6.4800
2013-10-30,0.0994,6.2100
2013-10-31,0.0000,5.9700
2013-11-01,0.0000,5.7400
2013-11-02,0.0000,5.5400
2013-11-03,0.0000,5.3500
2013-11-04,0.0000,5.1700
2013-11-05,0.0000,5.0200
2013-11-06,0.0000,4.8700
2013-11-07,0.0000,4.7400
2013-11-08,0.0000,4.6200
2013-11-09,0.0000,4.5000
2013-11-10,0.0000,4.4000
2013-11-11,0.0000,4.3100
2013-11-12,0.0000,4.2200
2013-11-13,0.0000,4.1400
2013-11-14,0.0000,4.0700
2013-11-15,0.0000,4.0000
2013-11-16,0.0000,3.9300
2013-11-17,0.0000,3.8700
2013-11-18,0.0000,3.8200
2013-11-19,0.0000,3.7700
2013-11-20,0.0000,3.7100
2013-11-21,0.0000,3.6700
2013-11-22,0.0000,3.6200
2013-11-23,0.0000,3.5700
2013-11-24,0.0000,3.5300
2013-11-25,0.0000,3.4900
2013-11-26,0.0000,3.4500
2013-11-27,0.0000,3.4100
2013-11-28,0.0000,3.3700
2013-11-29,0.0000,3.3300
2013-11-30,0.0000,3.3000
2013-12-01,0.0000,3.2600
2013-12-02,0.0000,3.2300
2013-12-03,0.0000,3.2000
2013-12-04,0.0000,3.1700
2013-12-05,0.0000,3.1300
2013-12-06,0.0000,3.1100
2013-12-07,0.0000,3.0800
2013-12-08,0.0000,3.0500
2013-12-09,0.0000,3.0200
2013-12-10,0.0000,3.0000
2013-12-11,36.1433,2.9700
2013-12-12,0.7353,2.9400
2013-12-13,0.0007,2.9200
2013-12-14,0.0000,2.9000
2013-12-15,0.0000,2.8700
2013-12-16,0.0000,2.8500
2013-12-17,0.0053,2.8300
2013-12-18,0.0449,2.8100
2013-12-19,0.1410,2.7900
2013-12-20,0.0556,2.7700
2013-12-21,0.1852,2.7500
2013-12-22,0.1763,2.7300
2013-12-23,0.2349,2.7100
2013-12-24,0.6218,2.6900
2013-12-25,0.2527,2.6800
2013-12-26,0.1736,2.6600
2013-12-27,0.3470,2.6400
2013-12-28,0.3047,2.6300
2013-12-29,0.1786,2.6100
2013-12-30,0.1551,2.5900
2013-12-31,0.4745,2.5800
2014-01-01,0.5969,2.5700
2014-01-02,0.4846,2.5500
2014-01-03,0.2195,2.5400
2014-01-04,0.3494,2.5300
2014-01-05,0.2139,2.5100
2014-01-06,0.5518,2.5000
2014-01-07,0.3768,2.4900
2014-01-08,0.3587,2.4800
2014-01-09,0.9776,2.4700
2014-01-10,0.0188,2.4600
2014-01-11,0.0000,2.4500
2014-01-12,0.0000,2.4400
2014-01-13,0.0000,2.4300
2014-01-14,0.0000,2.4200
2014-01-15,0.0000,2.4100
2014-01-16,0.0000,2.4100
2014-01-17,0.0000,2.4000
2014-01-18,0.0029,2.3900
2014-01-19,0.0683,2.3900
2014-01-20,0.0900,2.3800
2014-01-21,0.2413,2.3700
2014-01-22,0.2381,2.3700
2014-01-23,0.3828,2.3600
2014-01-24,0.5071,2.3600
2014-01-25,0.4627,2.3500
2014-01-26,0.5729,2.3500
2014-01-27,0.6940,2.3500
2014-01-28,0.6630,2.3400
2014-01-29,0.4055,2.3400
2014-01-30,0.4990,2.3400
2014-01-31,0.5887,2.3300
2014-02-01,0.6120,2.3300
2014-02-02,0.5614,2.3300
2014-02-03,0.2514,2.3200
2014-02-04,0.1875,2.3200
2014-02-05,0.2973,2.3200
2014-02-06,0.4962,2.3200
2014-02-07,0.5855,2.3100
2014-02-08,0.6166,2.3100
2014-02-09,0.4536,2.3100
2014-02-10,0.5308,2.3100
2014-02-11,0.2512,2.3000
2014-02-12,0.4482,2.3000
2014-02-13,0.6282,2.3000
2014-02-14,0.4231,2.3000
2014-02-15,0.3232,2.2900
2014-02-16,0.4223,2.2900
2014-02-17,0.0000,2.2900
2014-02-18,0.0000,2.2900
2014-02-19,0.0328,2.2800
2014-02-20,0.0447,2.2800
2014-02-21,0.0000,2.2800
2014-02-22,0.0000,2.2700
2014-02-23,0.0000,2.2700
2014-02-24,0.0001,2.2600
2014-02-25,0.0000,2.2600
2014-02-26,0.0000,2.2500
2014-02-27,0.0000,2.2500
2014-02-28,0.0000,2.2400
2014-03-01,0.0000,2.2400
2014-03-02,0.0000,2.2300
2014-03-03,0.0000,2.2300
2014-03-04,0.0000,2.2200
2014-03-05,0.0000,2.2200
2014-03-06,0.0000,2.2100
2014-03-07,0.0000,2.2100
2014-03-08,0.0011,2.2100
2014-03-09,0.0000,2.2000
2014-03-10,0.0000,2.2000
2014-03-11,0.0000,2.1900
2014-03-12,0.0000,2.1900
2014-03-13,0.0048,2.1900
2014-03-14,0.0107,2.1800
2014-03-15,0.0000,2.1800
2014-03-16,0.0000,2.1800
2014-03-17,0.0000,2.1700
2014-03-18,0.0000,2.1700
2014-03-19,0.0000,2.1700
2014-03-20,0.0184,2.1700
2014-03-21,0.0000,2.1700
2014-03-22,0.0000,2.1700
2014-03-23,0.0000,2.1700
2014-03-24,0.0249,2.1700
2014-03-25,0.0000,2.1700
2014-03-26,0.0000,2.1700
2014-03-27,0.0000,2.1700
2014-03-28,0.0000,2.1800
2014-03-29,0.1309,2.1800
2014-03-30,0.0719,2.1800
2014-03-31,0.0014,2.1900
2014-04-01,0.0204,2.1900
2014-04-02,0.0926,2.2000
2014-04-03,0.0297,2.2100
2014-04-04,0.0288,2.2200
2014-04-05,0.0117,2.2300
2014-04-06,0.0000,2.2300
2014-04-07,0.0143,2.2400
2014-04-08,0.0079,2.2500
2014-04-09,0.0000,2.2600
2014-04-10,0.0000,2.2700
2014-04-11,0.0042,2.2800
2014-04-12,0.0762,2.2900
2014-04-13,0.0000,2.2900
2014-04-14,0.3480,2.3000
2014-04-15,0.7739,2.3000
2014-04-16,0.0755,2.3100
2014-04-17,0.1454,2.3100
2014-04-18,0.9239,2.3100
2014-04-19,0.4826,2.3000
2014-04-20,0.5902,2.3000
2014-04-21,0.1972,2.2900
2014-04-22,1.5624,2.2800
2014-04-23,0.6775,2.3200
2014-04-24,0.5488,2.5500
2014-04-25,0.1924,3.0200
2014-04-26,1.0358,3.4800
2014-04-27,94.9139,4.0100
2014-04-28,55.0442,4.3500
2014-04-29,26.7027,4.5500
2014-04-30,10.0218,4.2100
2014-05-01,1.8746,4.0500
2014-05-02,0.1506,3.9800
2014-05-03,0.0000,3.8000
2014-05-04,0.0000,3.7100
2014-05-05,0.0000,3.6300
2014-05-06,0.0000,3.5600
2014-05-07,0.0000,3.4900
2014-05-08,0.0000,3.4600
2014-05-09,0.0000,3.5700
2014-05-10,0.0221,3.7800
2014-05-11,1.6083,4.1300
2014-05-12,0.2339,4.5800
2014-05-13,0.0000,4.5800
2014-05-14,0.2963,4.5600
2014-05-15,0.0008,4.7900
2014-05-16,4.3379,5.8100
2014-05-17,1.6475,8.2700
2014-05-18,7.1777,12.4000
2014-05-19,8.4874,20.8000
2014-05-20,15.5407,32.3000
2014-05-21,106.3990,34.0000
2014-05-22,175.7342,48.8000
2014-05-23,173.0795,80.6000
2014-05-24,157.1879,81.4000
2014-05-25,132.1661,65.7000
2014-05-26,108.2115,49.6000
2014-05-27,103.7996,43.7000
2014-05-28,109.2170,44.9000
2014-05-29,110.8717,50.1000
2014-05-30,115.1336,57.1000
2014-05-31,102.5529,55.8000
2014-06-01,95.3609,52.8000
2014-06-02,104.4992,55.5000
2014-06-03,118.1014,76.9000
2014-06-04,132.0460,116.0000
2014-06-05,142.5323,136.0000
2014-06-06,147.9529,138.0000
2014-06-07,152.3841,140.0000
2014-06-08,154.3162,107.0000
2014-06-09,132.9754,85.1000
2014-06-10,135.0674,78.0000
2014-06-11,137.6383,83.8000
2014-06-12,100.6327,82.8000
2014-06-13,96.4759,58.3000
2014-06-14,76.1678,42.4000
2014-06-15,122.7686,36.8000
2014-06-16,98.7208,31.4000
2014-06-17,74.2686,29.1000
2014-06-18,126.9145,28.9000
2014-06-19,115.8834,25.7000
2014-06-20,92.0085,22.1000
2014-06-21,91.9865,19.9000
2014-06-22,98.8775,19.1000
2014-06-23,104.3734,20.1000
2014-06-24,120.4108,22.9000
2014-06-25,120.8788,24.8000
2014-06-26,118.4249,26.4000
2014-06-27,112.1154,29.7000
2014-06-28,113.1411,34.9000
2014-06-29,109.5060,39.8000
2014-06-30,166.7307,46.3000
2014-07-01,144.1135,51.2000
2014-07-02,88.2796,61.8000
2014-07-03,65.6600,83.8000
2014-07-04,73.5840,76.0000
2014-07-05,36.1722,71.5000
2014-07-06,16.5530,84.1000
2014-07-07,4.8781,82.5000
2014-07-08,0.6057,78.5000
2014-07-09,0.0354,77.2000
2014-07-10,4.5430,82.9000
2014-07-11,17.3714,80.3000
2014-07-12,21.3523,68.3000
2014-07-13,25.5840,57.5000
2014-07-14,6.9725,59.1000
2014-07-15,12.8993,72.0000
2014-07-16,17.9355,64.6000
2014-07-17,22.9280,52.9000
2014-07-18,9.1261,43.2000
2014-07-19,5.2887,37.8000
2014-07-20,2.4525,34.0000
2014-07-21,0.4115,31.3000
2014-07-22,0.0059,29.0000
2014-07-23,0.0014,26.9000
2014-07-24,0.0000,25.1000
2014-07-25,0.2991,23.7000
2014-07-26,1.2112,23.0000
2014-07-27,13.5222,22.8000
2014-07-28,12.9158,22.7000
2014-07-29,12.6287,22.6000
2014-07-30,11.5531,22.5000
2014-07-31,29.2873,23.0000
2014-08-01,11.2353,21.5000
2014-08-02,4.7361,19.0000
2014-08-03,2.9776,18.9000
2014-08-04,13.2566,27.5000
2014-08-05,23.7672,32.8000
2014-08-06,9.7687,29.2000
2014-08-07,27.6118,25.5000
2014-08-08,9.4251,21.5000
2014-08-09,3.2120,17.6000
2014-08-10,1.0285,15.1000
2014-08-11,3.3662,14.6000
2014-08-12,64.4061,18.9000
2014-08-13,74.0083,21.6000
2014-08-14,54.4802,24.0000
2014-08-15,42.6709,22.1000
2014-08-16,29.6562,20.0000
2014-08-17,27.1179,18.2000
2014-08-18,24.3663,19.4000
2014-08-19,39.2665,18.0000
2014-08-20,18.9007,16.0000
2014-08-21,9.3407,14.2000
2014-08-22,4.4425,12.7000
2014-08-23,2.3970,11.7000
2014-08-24,0.7575,10.8000
2014-08-25,0.6971,10.0000
2014-08-26,0.2412,9.5000
2014-08-27,0.0240,8.9500
2014-08-28,0.6676,8.5100
2014-08-29,0.0051,8.1500
2014-08-30,0.0010,7.8000
2014-08-31,0.0000,7.5700
2014-09-01,0.1272,7.5200
2014-09-02,12.1533,7.7700
2014-09-03,32.8831,8.4100
2014-09-04,68.1110,9.4200
2014-09-05,44.5543,10.0000
2014-09-06,24.7450,9.8600
2014-09-07,15.3495,9.3600
2014-09-08,8.4889,8.9100
2014-09-09,13.9340,9.0500
2014-09-10,8.5657,9.2000
2014-09-11,16.5806,9.6300
2014-09-12,13.2439,9.9000
2014-09-13,9.0388,9.5300
2014-09-14,9.1462,8.5300
2014-09-15,3.6900,8.0300
2014-09-16,1.8418,7.6200
2014-09-17,1.1210,7.1700
2014-09-18,2.2996,6.9500
2014-09-19,2.5070,7.1100
2014-09-20,31.3747,8.6800
2014-09-21,50.8233,9.1000
2014-09-22,15.6410,8.8500
2014-09-23,31.7556,8.3000
2014-09-24,22.1847,8.2500
2014-09-25,6.9624,7.9400
2014-09-26,26.2639,9.7300
2014-09-27,66.7503,15.3000
2014-09-28,29.9663,18.7000
2014-09-29,21.1972,16.6000
2014-09-30,1.8652,14.3000
2014-10-01,0.0338,13.5000
2014-10-02,14.7069,12.8000
2014-10-03,0.1504,12.5000
2014-10-04,0.2668,12.0000
2014-10-05,0.7312,11.9000
2014-10-06,0.0169,12.1000
2014-10-07,0.2809,12.0000
2014-10-08,0.3212,10.9000
2014-10-09,0.4990,8.9300
2014-10-10,0.9724,7.7300
2014-10-11,0.0971,7.0400
2014-10-12,0.1324,6.4100
2014-10-13,0.0005,5.9100
2014-10-14,0.0000,5.5300
2014-10-15,0.0000,5.2200
2014-10-16,0.0000,4.9400
2014-10-17,0.0000,4.6800
2014-10-18,0.0000,4.4300
2014-10-19,0.0000,4.2000
2014-10-20,0.0000,3.9700
2014-10-21,0.0000,3.7600
2014-10-22,0.0000,3.5600
2014-10-23,0.0000,3.3700
2014-10-24,2.1078,3.2000
2014-10-25,1.9551,3.0300
2014-10-26,3.8314,2.8800
2014-10-27,4.7912,2.7400
2014-10-28,0.0005,2.6200
2014-10-29,0.0006,2.5000
2014-10-30,0.0003,2.4000
2014-10-31,0.0000,2.3100
2014-11-01,0.0002,2.2300
2014-11-02,0.0006,2.1600
2014-11-03,0.0519,2.0900
2014-11-04,0.0000,2.0400
2014-11-05,0.0000,1.9900
2014-11-06,0.0000,1.9400
2014-11-07,0.0000,1.9000
2014-11-08,0.0000,1.8700
2014-11-09,0.0008,1.8400
2014-11-10,0.0000,1.8100
2014-11-11,0.0000,1.7800
2014-11-12,0.0000,1.7500
2014-11-13,0.0000,1.7300
2014-11-14,0.0000,1.7000
2014-11-15,0.0000,1.6800
2014-11-16,0.0000,1.6600
2014-11-17,0.0000,1.6300
2014-11-18,0.0000,1.6100
2014-11-19,0.0000,1.5900
2014-11-20,0.0000,1.5700
2014-11-21,0.0000,1.5500
2014-11-22,0.0000,1.5300
2014-11-23,0.0000,1.5100
2014-11-24,0.0000,1.4900
2014-11-25,0.0000,1.4700
2014-11-26,0.0000,1.4500
2014-11-27,0.0000,1.4300
2014-11-28,0.0000,1.4100
2014-11-29,0.0000,1.4000
2014-11-30,0.0000,1.3800
2014-12-01,0.0000,1.3700
2014-12-02,0.0000,1.3500
2014-12-03,0.0000,1.3400
2014-12-04,0.0000,1.3200
2014-12-05,0.0000,1.3100
2014-12-06,0.0000,1.3000
2014-12-07,0.0000,1.2800
2014-12-08,0.0000,1.2700
2014-12-09,0.0000,1.2600
2014-12-10,0.0000,1.2500
2014-12-11,0.0000,1.2400
2014-12-12,0.0000,1.2300
2014-12-13,0.0000,1.2200
2014-12-14,0.0072,1.2100
2014-12-15,0.0445,1.2000
2014-12-16,0.0115,1.1900
2014-12-17,0.0372,1.1800
2014-12-18,0.2544,1.1700
2014-12-19,0.1355,1.1600
2014-12-20,0.0328,1.1500
2014-12-21,0.0726,1.1500
2014-12-22,0.1852,1.1400
2014-12-23,0.1137,1.1300
2014-12-24,0.1418,1.1200
2014-12-25,0.1342,1.1100
2014-12-26,0.1256,1.1100
2014-12-27,0.0643,1.1000
2014-12-28,0.0871,1.0900
2014-12-29,0.0913,1.0900
2014-12-30,0.0193,1.0800
2014-12-31,0.0251,1.0700
2015-01-01,0.0115,1.0700
2015-01-02,0.0785,1.0600
2015-01-03,0.1766,1.0600
2015-01-04,0.1963,1.0500
2015-01-05,0.3777,1.0400
2015-01-06,0.2186,1.0400
2015-01-07,0.0699,1.0300
2015-01-08,0.2560,1.0300
2015-01-09,0.2116,1.0200
2015-01-10,0.6023,1.0200
2015-01-11,0.2474,1.0100
2015-01-12,0.3012,1.0100
2015-01-13,0.3085,1.0000
2015-01-14,0.1883,0.9980
2015-01-15,0.2014,0.9940
2015-01-16,0.1891,0.9890
2015-01-17,0.0766,0.9850
2015-01-18,0.2341,0.9810
2015-01-19,0.2442,0.9770
2015-01-20,0.1787,0.9720
2015-01-21,0.1565,0.9690
2015-01-22,0.1890,0.9650
2015-01-23,0.2314,0.9610
2015-01-24,0.1847,0.9570
2015-01-25,0.1174,0.9540
2015-01-26,0.0926,0.9500
2015-01-27,0.0908,0.9470
2015-01-28,0.1045,0.9430
2015-01-29,0.2571,0.9400
2015-01-30,0.1731,0.9370
2015-01-31,0.1607,0.9340
2015-02-01,0.2009,0.9310
2015-02-02,0.2262,0.9280
2015-02-03,0.1670,0.9250
2015-02-04,0.1495,0.9220
2015-02-05,0.1263,0.9190
2015-02-06,0.1038,0.9160
2015-02-07,0.2207,0.9140
2015-02-08,0.1148,0.9110
2015-02-09,0.1155,0.9080
2015-02-10,0.2140,0.9060
2015-02-11,0.2558,0.9030
2015-02-12,0.4205,0.9010
2015-02-13,0.2474,0.8990
2015-02-14,0.2401,0.8960
2015-02-15,0.3105,0.8940
2015-02-16,0.2538,0.8920
2015-02-17,0.2452,0.8900
2015-02-18,0.3586,0.8880
2015-02-19,0.1660,0.8860
2015-02-20,0.1990,0.8840
2015-02-21,0.2199,0.8820
2015-02-22,0.3684,0.8800
2015-02-23,0.5682,0.8780
2015-02-24,0.2199,0.8760
2015-02-25,0.3083,0.8740
2015-02-26,0.4220,0.8720
2015-02-27,0.1923,0.8700
2015-02-28,0.5187,0.8680
2015-03-01,0.4676,0.8670
2015-03-02,0.4903,0.8650
2015-03-03,0.0912,0.8630
2015-03-04,0.2736,0.8620
2015-03-05,0.6835,0.8600
2015-03-06,0.4283,0.8580
2015-03-07,0.4571,0.8570
2015-03-08,0.8337,0.8550
2015-03-09,0.6772,0.8530
2015-03-10,0.1456,0.8520
2015-03-11,0.3323,0.8500
2015-03-12,0.6141,0.8490
2015-03-13,0.4272,0.8470
2015-03-14,0.1287,0.8450
2015-03-15,0.4687,0.8440
2015-03-16,0.3496,0.8420
2015-03-17,0.0939,0.8410
2015-03-18,0.0565,0.8390
2015-03-19,0.8016,0.8380
2015-03-20,0.3410,0.8360
2015-03-21,0.0825,0.8350
2015-03-22,0.1614,0.8330
2015-03-23,0.0065,0.8310
2015-03-24,0.1812,0.8300
2015-03-25,0.1808,0.8280
2015-03-26,0.2218,0.8270
2015-03-27,0.0920,0.8250
2015-03-28,0.0000,0.8240
2015-03-29,0.0743,0.8220
2015-03-30,0.0000,0.8200
2015-03-31,0.0096,0.8190
2015-04-01,0.0044,0.8170
2015-04-02,0.0000,0.8150
2015-04-03,0.0000,0.8140
2015-04-04,0.0000,0.8120
2015-04-05,0.0000,0.8100
2015-04-06,0.0000,0.8080
2015-04-07,0.0000,0.8070
2015-04-08,0.0000,0.8050
2015-04-09,0.0000,0.8030
2015-04-10,0.0000,0.8010
2015-04-11,0.0000,0.7990
2015-04-12,0.0000,0.7980
2015-04-13,0.0000,0.7960
2015-04-14,0.0000,0.7940
2015-04-15,0.0000,0.7930
2015-04-16,0.0000,0.7910
2015-04-17,0.0000,0.7900
2015-04-18,0.0000,0.7890
2015-04-19,0.0000,0.7880
2015-04-20,0.0000,0.7880
2015-04-21,0.0000,0.7870
2015-04-22,64.2125,0.7870
2015-04-23,0.0090,0.7880
2015-04-24,0.0000,0.7880
2015-04-25,0.0000,0.7890
2015-04-26,0.0000,0.7900
2015-04-27,0.0000,0.7920
2015-04-28,0.0000,0.7940
2015-04-29,0.0000,0.7960
2015-04-30,0.0034,0.7990
2015-05-01,0.0062,0.8020
2015-05-02,0.0000,0.8070
2015-05-03,0.0000,0.8220
2015-05-04,0.0000,0.8660
2015-05-05,0.0510,0.9640
2015-05-06,46.8285,1.1500
2015-05-07,81.5848,1.4800
2015-05-08,69.9753,2.0600
2015-05-09,88.7118,2.8900
2015-05-10,71.8614,3.6500
2015-05-11,52.6986,4.5400
2015-05-12,60.6906,7.8200
2015-05-13,77.0985,9.7200
2015-05-14,44.4824,9.6600
2015-05-15,21.7908,9.0000
2015-05-16,5.8806,8.5600
2015-05-17,18.5096,8.3400
2015-05-18,31.1418,8.3000
2015-05-19,16.9215,7.9900
2015-05-20,21.3678,8.9700
2015-05-21,72.5949,10.8000
2015-05-22,78.3474,12.9000
2015-05-23,66.8027,13.3000
2015-05-24,50.2700,12.8000
2015-05-25,62.1928,13.6000
2015-05-26,67.9644,17.4000
2015-05-27,101.7998,34.9000
2015-05-28,133.2421,42.5000
2015-05-29,131.6499,50.0000
2015-05-30,134.2723,54.0000
2015-05-31,133.1323,63.2000
2015-06-01,150.4658,74.9000
2015-06-02,163.1591,66.7000
2015-06-03,136.8288,57.5000
2015-06-04,121.3450,47.7000
2015-06-05,130.3982,40.3000
2015-06-06,117.8416,36.6000
2015-06-07,117.2142,33.6000
2015-06-08,111.7010,32.0000
2015-06-09,118.3982,35.1000
2015-06-10,110.8083,37.6000
2015-06-11,124.3610,32.9000
2015-06-12,117.7811,28.1000
2015-06-13,99.1962,24.9000
2015-06-14,66.9479,22.6000
2015-06-15,74.6643,23.6000
2015-06-16,92.6899,24.1000
2015-06-17,99.3986,24.3000
2015-06-18,120.2012,28.9000
2015-06-19,106.7919,32.3000
2015-06-20,135.7321,35.1000
2015-06-21,140.4840,46.7000
2015-06-22,140.4903,68.5000
2015-06-23,159.0920,114.0000
2015-06-24,134.2979,125.0000
2015-06-25,156.8573,125.0000
2015-06-26,129.1190,104.0000
2015-06-27,169.4695,80.4000
2015-06-28,113.7523,67.6000
2015-06-29,89.8480,57.8000
2015-06-30,120.3607,50.5000
2015-07-01,96.6998,48.6000
2015-07-02,111.2179,90.5000
2015-07-03,103.0337,107.0000
2015-07-04,71.3305,88.8000
2015-07-05,39.3298,66.0000
2015-07-06,35.2450,71.4000
2015-07-07,32.3501,65.4000
2015-07-08,30.3484,69.6000
2015-07-09,20.8742,87.7000
2015-07-10,14.5143,92.8000
2015-07-11,6.1658,76.9000
2015-07-12,2.4676,65.0000
2015-07-13,0.2555,63.3000
2015-07-14,0.2867,64.5000
2015-07-15,1.5093,62.0000
2015-07-16,1.5577,53.2000
2015-07-17,3.0959,46.2000
2015-07-18,0.9157,48.8000
2015-07-19,13.1943,68.4000
2015-07-20,28.8687,69.8000
2015-07-21,26.1861,57.6000
2015-07-22,11.1704,51.3000
2015-07-23,33.8585,50.9000
2015-07-24,41.2296,49.0000
2015-07-25,39.6182,49.4000
2015-07-26,34.6225,73.6000
2015-07-27,51.0195,84.9000
2015-07-28,22.5679,66.3000
2015-07-29,25.1360,89.0000
2015-07-30,52.9600,98.0000
2015-07-31,28.2299,67.8000
2015-08-01,31.0394,54.4000
2015-08-02,35.7850,52.9000
2015-08-03,37.6168,50.4000
2015-08-04,17.1440,43.3000
2015-08-05,13.4846,44.9000
2015-08-06,16.5075,44.0000
2015-08-07,15.8827,45.3000
2015-08-08,17.0731,41.2000
2015-08-09,10.1506,34.1000
2015-08-10,12.0878,30.0000
2015-08-11,18.8141,38.5000
2015-08-12,29.9588,40.8000
2015-08-13,20.8902,34.0000
2015-08-14,11.2951,29.9000
2015-08-15,4.9521,26.6000
2015-08-16,1.8352,24.8000
2015-08-17,0.2958,23.4000
2015-08-18,0.0001,22.8000
2015-08-19,0.0000,22.3000
2015-08-20,0.0000,21.4000
2015-08-21,0.0000,20.8000
2015-08-22,0.1247,20.3000
2015-08-23,0.3376,20.9000
2015-08-24,0.0279,22.2000
2015-08-25,14.8174,23.5000
2015-08-26,0.4156,22.0000
2015-08-27,1.8360,26.6000
2015-08-28,17.7523,34.6000
2015-08-29,30.6471,28.9000
2015-08-30,19.3257,23.3000
2015-08-31,34.3086,21.4000
2015-09-01,18.0126,18.6000
2015-09-02,9.2740,15.7000
2015-09-03,6.7109,13.1000
2015-09-04,10.8178,12.2000
2015-09-05,42.8116,12.3000
2015-09-06,25.0922,11.7000
2015-09-07,21.9811,11.3000
2015-09-08,13.2121,10.8000
2015-09-09,10.5323,10.3000
2015-09-10,5.4596,10.1000
2015-09-11,2.3766,9.9600
2015-09-12,0.8818,9.6900
2015-09-13,0.1883,9.3400
2015-09-14,0.1102,9.1800
2015-09-15,0.0327,9.1100
2015-09-16,0.4864,9.1300
2015-09-17,5.1667,13.0000
2015-09-18,49.2198,19.5000
2015-09-19,64.7620,20.5000
2015-09-20,38.2562,18.6000
2015-09-21,23.0329,16.3000
2015-09-22,20.7616,16.8000
2015-09-23,32.4187,15.6000
2015-09-24,22.8370,14.0000
2015-09-25,27.9211,17.3000
2015-09-26,79.9447,23.4000
2015-09-27,46.6435,24.2000
2015-09-28,27.0347,22.4000
2015-09-29,45.8957,24.7000
2015-09-30,71.5587,28.7000
2015-10-01,77.3488,28.4000
2015-10-02,57.8136,25.2000
2015-10-03,32.9801,21.2000
2015-10-04,17.1272,18.1000
2015-10-05,8.3071,15.0000
2015-10-06,4.1195,13.1000
2015-10-07,1.4679,11.9000
2015-10-08,2.4200,10.9000
2015-10-09,0.6548,9.8100
2015-10-10,0.1932,9.7900
2015-10-11,4.0401,11.1000
2015-10-12,51.3732,12.6000
2015-10-13,42.0076,13.8000
2015-10-14,41.2311,14.1000
2015-10-15,71.4010,15.0000
2015-10-16,82.7755,17.0000
2015-10-17,86.1360,22.5000
2015-10-18,66.9415,29.4000
2015-10-19,41.7911,25.0000
2015-10-20,28.2106,20.4000
2015-10-21,23.4978,16.8000
2015-10-22,10.6238,14.7000
2015-10-23,1.8659,13.0000
2015-10-24,2.1424,12.8000
2015-10-25,7.6694,13.1000
2015-10-26,0.0074,11.4000
2015-10-27,0.0007,11.0000
2015-10-28,0.0021,10.1000
2015-10-29,0.0001,8.2300
2015-10-30,0.0000,8.7300
2015-10-31,5.0106,10.5000
2015-11-01,155.6246,19.2000
2015-11-02,71.2580,20.1000
2015-11-03,43.4344,19.5000
2015-11-04,98.1599,16.8000
2015-11-05,31.6919,12.9000
2015-11-06,14.2874,12.3000
2015-11-07,2.6154,11.4000
2015-11-08,0.0002,9.6900
2015-11-09,0.0000,9.2500
2015-11-10,0.0000,8.3300
2015-11-11,0.0001,7.1700
2015-11-12,0.0000,6.1900
2015-11-13,0.0000,5.5200
2015-11-14,0.0002,4.9900
2015-11-15,0.0000,4.5800
2015-11-16,0.0000,4.2800
2015-11-17,0.0000,4.0600
2015-11-18,0.0000,3.9000
2015-11-19,0.0000,3.7800
2015-11-20,0.0000,3.6900
2015-11-21,0.0000,3.6100
2015-11-22,0.0000,3.5300
2015-11-23,0.0000,3.4600
2015-11-24,0.0001,3.3900
2015-11-25,0.0000,3.3200
2015-11-26,0.0002,3.2500
2015-11-27,0.0000,3.1900
2015-11-28,0.0003,3.1200
2015-11-29,0.0095,3.0600
2015-11-30,0.0000,3.0000
2015-12-01,0.0074,2.9400
2015-12-02,0.0356,2.8900
2015-12-03,0.0351,2.8300
2015-12-04,0.0529,2.7700
2015-12-05,0.0412,2.7200
2015-12-06,0.0441,2.6700
2015-12-07,0.0833,2.6200
2015-12-08,0.0512,2.5700
2015-12-09,0.0523,2.5200
2015-12-10,0.1220,2.4700
2015-12-11,0.1185,2.4300
2015-12-12,0.0881,2.3800
2015-12-13,0.1345,2.3400
2015-12-14,0.1843,2.3000
2015-12-15,0.1134,2.2500
2015-12-16,0.0854,2.2100
2015-12-17,0.1249,2.1700
2015-12-18,0.0684,2.1300
2015-12-19,0.0536,2.1000
2015-12-20,0.0236,2.0600
2015-12-21,0.0030,2.0200
2015-12-22,0.1316,1.9900
2015-12-23,0.2357,1.9600
2015-12-24,0.1799,1.9200
2015-12-25,0.2010,1.8900
2015-12-26,0.4502,1.8600
2015-12-27,0.1129,1.8300
2015-12-28,0.2262,1.8000
2015-12-29,0.3653,1.7700
2015-12-30,0.2734,1.7400
2015-12-31,0.2547,1.7100
2016-01-01,0.2720,1.6900
2016-01-02,0.2313,1.6600
2016-01-03,0.4635,1.6300
2016-01-04,0.4543,1.6100
2016-01-05,0.2779,1.5800
2016-01-06,0.3142,1.5600
2016-01-07,0.2766,1.5400
2016-01-08,0.1355,1.5100
2016-01-09,0.1057,1.4900
2016-01-10,0.0883,1.4700
2016-01-11,0.1349,1.4500
2016-01-12,0.0733,1.4300
2016-01-13,0.0206,1.4100
2016-01-14,0.0000,1.3900
2016-01-15,0.0000,1.3700
2016-01-16,0.0000,1.3500
2016-01-17,0.0027,1.3300
2016-01-18,0.0000,1.3200
2016-01-19,0.0000,1.3000
2016-01-20,0.0000,1.2800
2016-01-21,0.0000,1.2700
2016-01-22,0.0000,1.2500
2016-01-23,0.0000,1.2400
2016-01-24,0.0000,1.2200
2016-01-25,0.0000,1.2100
2016-01-26,0.0000,1.1900
2016-01-27,0.0000,1.1800
2016-01-28,0.0000,1.1700
2016-01-29,0.0000,1.1500
2016-01-30,0.0000,1.1400
2016-01-31,0.0000,1.1300
2016-02-01,0.0000,1.1200
2016-02-02,0.0000,1.1000
2016-02-03,0.0731,1.0900
2016-02-04,0.1136,1.0800
2016-02-05,0.2633,1.0700
2016-02-06,0.4373,1.0600
2016-02-07,0.2388,1.0500
2016-02-08,0.1626,1.0400
2016-02-09,0.1407,1.0300
2016-02-10,0.1309,1.0200
2016-02-11,0.3859,1.0100
2016-02-12,0.2266,1.0000
2016-02-13,0.2351,0.9950
2016-02-14,0.1580,0.9860
2016-02-15,0.1065,0.9780
2016-02-16,0.1007,0.9700
2016-02-17,0.0421,0.9630
2016-02-18,0.0634,0.9560
2016-02-19,0.0887,0.9480
2016-02-20,0.1924,0.9410
2016-02-21,0.0967,0.9350
2016-02-22,0.0487,0.9280
2016-02-23,0.1038,0.9220
2016-02-24,0.0938,0.9160
2016-02-25,0.0854,0.9100
2016-02-26,0.1605,0.9040
2016-02-27,0.0667,0.8990
2016-02-28,0.1306,0.8930
2016-02-29,0.0947,0.8880
2016-03-01,0.2489,0.8830
2016-03-02,0.2369,0.8780
2016-03-03,0.2392,0.8740
2016-03-04,0.1860,0.8690
2016-03-05,0.1866,0.8650
2016-03-06,0.1408,0.8610
2016-03-07,0.1330,0.8570
2016-03-08,0.1115,0.8530
2016-03-09,0.1796,0.8490
2016-03-10,0.1786,0.8460
2016-03-11,0.0832,0.8430
2016-03-12,0.0397,0.8390
2016-03-13,0.1817,0.8360
2016-03-14,0.0898,0.8330
2016-03-15,0.0648,0.8300
2016-03-16,0.2468,0.8280
2016-03-17,0.5339,0.8250
2016-03-18,0.1095,0.8230
2016-03-19,0.0006,0.8210
2016-03-20,0.0000,0.8180
2016-03-21,0.0000,0.8160
2016-03-22,0.0000,0.8140
2016-03-23,0.0050,0.8130
2016-03-24,0.0022,0.8110
2016-03-25,0.0073,0.8090
2016-03-26,0.0000,0.8080
2016-03-27,0.0000,0.8060
2016-03-28,0.0071,0.8050
2016-03-29,0.0054,0.8040
2016-03-30,0.0167,0.8030
2016-03-31,0.0130,0.8020
2016-04-01,0.0000,0.8010
2016-04-02,0.0300,0.8000
2016-04-03,0.0155,0.8000
2016-04-04,0.0000,0.7990
2016-04-05,0.0000,0.7990
2016-04-06,0.0513,0.7980
2016-04-07,0.0130,0.7980
2016-04-08,0.0127,0.7970
2016-04-09,0.0000,0.7970
2016-04-10,0.0605,0.7960
2016-04-11,0.0929,0.7960
2016-04-12,0.1633,0.7960
2016-04-13,0.1131,0.7950
2016-04-14,0.1438,0.7940
2016-04-15,0.0357,0.7940
2016-04-16,0.0467,0.7930
2016-04-17,0.0303,0.7920
2016-04-18,0.0606,0.7910
2016-04-19,0.0583,0.7890
2016-04-20,0.0565,0.7880
2016-04-21,0.1132,0.7890
2016-04-22,0.0455,0.8050
2016-04-23,0.0662,0.8490
2016-04-24,0.0827,0.9380
2016-04-25,0.1258,1.1000
2016-04-26,0.0547,1.3600
2016-04-27,101.3900,1.8300
2016-04-28,44.5057,3.3600
2016-04-29,44.8696,5.7000
2016-04-30,39.7782,8.0500
2016-05-01,27.5786,9.0600
2016-05-02,28.4480,9.8000
2016-05-03,26.8620,11.3000
2016-05-04,33.3381,13.3000
2016-05-05,37.5996,15.4000
2016-05-06,53.9435,19.2000
2016-05-07,62.1373,22.8000
2016-05-08,69.4692,25.0000
2016-05-09,72.6275,21.9000
2016-05-10,55.6958,17.9000
2016-05-11,52.8743,14.8000
2016-05-12,59.3876,13.2000
2016-05-13,55.9213,12.0000
2016-05-14,58.0211,11.5000
2016-05-15,64.5625,11.3000
2016-05-16,65.1655,10.3000
2016-05-17,47.3035,9.4100
2016-05-18,37.5694,8.3800
2016-05-19,40.5205,7.9700
2016-05-20,51.0833,8.0000
2016-05-21,81.1379,12.4000
2016-05-22,106.5156,27.0000
2016-05-23,100.6523,36.6000
2016-05-24,85.8672,40.8000
2016-05-25,72.0601,36.4000
2016-05-26,87.6780,36.8000
2016-05-27,120.0673,43.9000
2016-05-28,137.0962,50.6000
2016-05-29,142.3290,64.4000
2016-05-30,134.5494,86.3000
2016-05-31,172.4566,92.5000
2016-06-01,210.1241,85.3000
2016-06-02,183.5857,61.7000
2016-06-03,153.4384,41.9000
2016-06-04,106.2003,29.1000
2016-06-05,91.9879,22.3000
2016-06-06,78.9494,19.8000
2016-06-07,79.5185,22.2000
2016-06-08,61.6135,20.3000
2016-06-09,53.1325,16.6000
2016-06-10,30.7212,16.1000
2016-06-11,16.4516,18.9000
2016-06-12,11.9594,21.1000
2016-06-13,19.0287,21.6000
2016-06-14,21.9889,20.8000
2016-06-15,23.5947,21.3000
2016-06-16,28.5904,35.2000
2016-06-17,19.2044,59.3000
2016-06-18,27.1866,63.1000
2016-06-19,30.7737,58.7000
2016-06-20,53.4182,48.7000
2016-06-21,32.3490,47.9000
2016-06-22,23.2971,51.7000
2016-06-23,19.0994,63.4000
2016-06-24,23.7117,68.2000
2016-06-25,8.7340,58.2000
2016-06-26,3.1383,62.3000
2016-06-27,6.1900,88.8000
2016-06-28,14.5095,83.5000
2016-06-29,22.5404,80.2000
2016-06-30,9.0508,72.2000
2016-07-01,11.7829,70.7000
2016-07-02,14.4340,82.0000
2016-07-03,8.9973,67.8000
2016-07-04,8.9764,53.6000
2016-07-05,56.7868,70.2000
2016-07-06,74.7493,62.9000
2016-07-07,55.4539,51.4000
2016-07-08,36.4792,45.1000
2016-07-09,19.8373,40.8000
2016-07-10,17.7163,43.5000
2016-07-11,13.2586,43.0000
2016-07-12,13.0827,41.6000
2016-07-13,4.3505,43.5000
2016-07-14,2.4902,37.0000
2016-07-15,1.2975,39.6000
2016-07-16,45.3270,96.0000
2016-07-17,56.9947,68.0000
2016-07-18,49.9174,44.4000
2016-07-19,32.7379,33.4000
2016-07-20,16.4347,27.6000
2016-07-21,7.0049,26.4000
2016-07-22,2.4670,29.0000
2016-07-23,2.0171,30.1000
2016-07-24,24.2390,34.1000
2016-07-25,45.6808,36.1000
2016-07-26,36.1248,36.6000
2016-07-27,52.1873,36.9000
2016-07-28,32.9385,32.1000
2016-07-29,40.6874,30.2000
2016-07-30,26.9824,29.0000
2016-07-31,22.7676,28.8000
2016-08-01,65.5106,30.9000
2016-08-02,36.7011,29.5000
2016-08-03,40.0883,27.6000
2016-08-04,40.4616,25.3000
2016-08-05,31.5960,23.6000
2016-08-06,18.6051,22.5000
2016-08-07,23.5992,21.2000
2016-08-08,56.1617,29.3000
2016-08-09,82.3180,32.5000
2016-08-10,43.3096,28.0000
2016-08-11,62.4388,25.6000
2016-08-12,69.8429,24.5000
2016-08-13,43.3363,21.6000
2016-08-14,23.5318,18.8000
2016-08-15,11.6377,16.5000
2016-08-16,5.5620,14.9000
2016-08-17,2.3242,13.6000
2016-08-18,0.7268,13.1000
2016-08-19,6.2647,14.3000
2016-08-20,3.1495,17.3000
2016-08-21,4.5288,19.1000
2016-08-22,2.5892,18.2000
2016-08-23,2.4686,15.6000
2016-08-24,0.3094,13.9000
2016-08-25,4.0608,12.5000
2016-08-26,3.5124,12.0000
2016-08-27,15.4938,12.0000
2016-08-28,12.8724,11.1000
2016-08-29,9.0671,10.5000
2016-08-30,16.5328,10.5000
2016-08-31,26.7869,11.2000
2016-09-01,36.8856,13.1000
2016-09-02,35.7054,15.1000
2016-09-03,19.8415,16.2000
2016-09-04,43.4787,17.2000
2016-09-05,29.8474,16.5000
2016-09-06,29.9288,17.9000
2016-09-07,61.4423,27.3000
2016-09-08,35.1500,29.7000
2016-09-09,30.4385,25.4000
2016-09-10,19.1654,22.3000
2016-09-11,34.0189,25.4000
2016-09-12,35.1101,24.2000
2016-09-13,16.6820,21.6000
2016-09-14,16.7185,20.3000
2016-09-15,12.7476,18.3000
2016-09-16,6.1156,16.2000
2016-09-17,2.7367,14.5000
2016-09-18,2.5532,13.5000
2016-09-19,1.3346,12.9000
2016-09-20,2.5623,12.4000
2016-09-21,0.5341,11.7000
2016-09-22,0.9911,11.1000
2016-09-23,0.2388,10.4000
2016-09-24,1.5515,9.9200
2016-09-25,13.6785,9.9800
2016-09-26,5.6266,9.9800
2016-09-27,7.5120,9.8200
2016-09-28,16.9948,11.2000
2016-09-29,29.1314,12.5000
2016-09-30,50.1237,13.8000
2016-10-01,47.7972,14.9000
2016-10-02,34.7196,14.8000
2016-10-03,11.9554,13.1000
2016-10-04,21.9548,11.9000
2016-10-05,74.1377,12.9000
2016-10-06,7.1518,17.3000
2016-10-07,0.1363,18.1000
2016-10-08,0.1303,15.6000
2016-10-09,0.5313,13.2000
2016-10-10,0.1536,11.5000
2016-10-11,1.2813,10.7000
2016-10-12,3.7993,10.3000
2016-10-13,0.4023,10.2000
2016-10-14,0.0395,9.7300
2016-10-15,0.0302,8.9200
2016-10-16,0.1561,7.7400
2016-10-17,0.0744,7.0200
2016-10-18,0.0315,6.6100
2016-10-19,0.0166,6.2100
2016-10-20,0.0204,5.8800
2016-10-21,0.3885,5.2800
2016-10-22,0.0000,5.2000
2016-10-23,0.0000,5.0500
2016-10-24,0.0000,4.5100
2016-10-25,0.0000,4.2300
2016-10-26,0.0000,4.1300
2016-10-27,0.0000,4.0500
2016-10-28,0.0000,3.8800
2016-10-29,0.0000,3.8500
2016-10-30,0.0000,3.4900
2016-10-31,0.0000,2.9100
2016-11-01,0.0000,2.7000
2016-11-02,0.0000,2.5300
2016-11-03,0.0000,2.3900
2016-11-04,0.0000,2.2700
2016-11-05,0.0000,2.1700
2016-11-06,0.0000,2.0900
2016-11-07,0.0000,2.0200
2016-11-08,0.0000,1.9600
2016-11-09,0.0000,1.9100
2016-11-10,0.0000,1.8700
2016-11-11,0.0000,1.8300
2016-11-12,0.0000,1.8000
2016-11-13,0.0068,1.7600
2016-11-14,0.0000,1.7300
2016-11-15,0.0898,1.7100
2016-11-16,0.0000,1.6800
2016-11-17,0.0000,1.6600
2016-11-18,0.0000,1.6400
2016-11-19,0.0000,1.6200
2016-11-20,0.0000,1.6000
2016-11-21,0.0000,1.5800
2016-11-22,0.0000,1.5700
2016-11-23,0.0000,1.5500
2016-11-24,0.0000,1.5400
2016-11-25,0.0000,1.5300
2016-11-26,0.0000,1.5100
2016-11-27,0.0000,1.5000
2016-11-28,0.0000,1.4900
2016-11-29,0.0000,1.4900
2016-11-30,0.0000,1.4800
2016-12-01,0.0000,1.4700
2016-12-02,0.0000,1.4600
2016-12-03,0.0000,1.4600
2016-12-04,0.0000,1.4500
2016-12-05,0.0000,1.4400
2016-12-06,0.0008,1.4400
2016-12-07,0.0000,1.4300
2016-12-08,0.0000,1.4300
2016-12-09,0.0000,1.4300
2016-12-10,0.0000,1.4200
2016-12-11,0.0000,1.4200
2016-12-12,0.0000,1.4100
2016-12-13,0.0000,1.4100
2016-12-14,0.0000,1.4100
2016-12-15,0.0000,1.4000
2016-12-16,0.0000,1.4000
2016-12-17,0.0000,1.4000
2016-12-18,0.0000,1.3900
2016-12-19,38.6779,1.3900
2016-12-20,27.2667,1.3800
2016-12-21,2.5042,1.3800
2016-12-22,0.0004,1.3800
2016-12-23,0.0001,1.3700
2016-12-24,0.0000,1.3700
2016-12-25,0.0000,1.3600
2016-12-26,0.0000,1.3600
2016-12-27,0.0000,1.3500
2016-12-28,0.2210,1.3500
2016-12-29,0.0000,1.3400
2016-12-30,0.0014,1.3400
2016-12-31,0.0000,1.3400
2017-01-01,0.0000,1.3300
2017-01-02,0.0000,1.3300
2017-01-03,0.0000,1.3200
2017-01-04,0.0000,1.3200
2017-01-05,0.0000,1.3100
2017-01-06,0.0000,1.3100
2017-01-07,0.0000,1.3000
2017-01-08,0.0000,1.3000
2017-01-09,0.0000,1.2900
2017-01-10,0.0000,1.2900
2017-01-11,0.0000,1.2800
2017-01-12,0.0000,1.2800
2017-01-13,0.0000,1.2700
2017-01-14,0.0000,1.2700
2017-01-15,0.0000,1.2600
2017-01-16,0.0000,1.2500
2017-01-17,0.0000,1.2500
2017-01-18,0.0000,1.2400
2017-01-19,0.0000,1.2400
2017-01-20,0.0000,1.2300
2017-01-21,0.0000,1.2300
2017-01-22,0.0000,1.2200
2017-01-23,0.0000,1.2100
2017-01-24,0.0000,1.2100
2017-01-25,0.0000,1.2000
2017-01-26,0.0000,1.2000
2017-01-27,0.0000,1.1900
2017-01-28,0.0000,1.1800
2017-01-29,0.0000,1.1800
2017-01-30,0.0000,1.1700
2017-01-31,0.0000,1.1700
2017-02-01,0.0000,1.1600
2017-02-02,0.0000,1.1500
2017-02-03,0.0000,1.1500
2017-02-04,0.0000,1.1400
2017-02-05,0.0000,1.1400
2017-02-06,0.0000,1.1300
2017-02-07,0.0000,1.1200
2017-02-08,0.0000,1.1200
2017-02-09,0.0000,1.1100
2017-02-10,0.0000,1.1100
2017-02-11,0.0000,1.1000
2017-02-12,0.0000,1.1000
2017-02-13,0.0000,1.0900
2017-02-14,0.0000,1.0900
2017-02-15,0.0000,1.0800
2017-02-16,0.0000,1.0800
2017-02-17,0.0000,1.0700
2017-02-18,0.0000,1.0700
2017-02-19,0.0000,1.0600
2017-02-20,0.0000,1.0600
2017-02-21,0.0000,1.0500
2017-02-22,0.0000,1.0500
2017-02-23,0.0000,1.0400
2017-02-24,0.0000,1.0400
2017-02-25,0.0000,1.0300
2017-02-26,0.0000,1.0300
2017-02-27,0.0000,1.0300
2017-02-28,0.0000,1.0200
2017-03-01,0.0000,1.0200
2017-03-02,0.0000,1.0100
2017-03-03,0.0000,1.0100
2017-03-04,0.0000,1.0100
2017-03-05,0.0000,1.0000
2017-03-06,0.0000,0.9980
2017-03-07,0.0000,0.9940
2017-03-08,0.0000,0.9900
2017-03-09,0.0000,0.9860
2017-03-10,0.0000,0.9820
2017-03-11,0.0000,0.9780
2017-03-12,0.0000,0.9730
2017-03-13,0.0000,0.9690
2017-03-14,0.0000,0.9640
2017-03-15,0.0000,0.9590
2017-03-16,0.0000,0.9550
2017-03-17,0.0000,0.9500
2017-03-18,0.0000,0.9440
2017-03-19,0.0000,0.9390
2017-03-20,0.0000,0.9340
2017-03-21,0.0000,0.9280
2017-03-22,0.0000,0.9220
2017-03-23,0.0000,0.9160
2017-03-24,0.0000,0.9100
2017-03-25,0.0000,0.9040
2017-03-26,0.0000,0.8970
2017-03-27,0.0000,0.8910
2017-03-28,0.0000,0.8840
2017-03-29,0.0000,0.8780
2017-03-30,0.0000,0.8720
2017-03-31,0.0000,0.8650
2017-04-01,0.0000,0.8590
2017-04-02,0.0000,0.8530
2017-04-03,0.0000,0.8470
2017-04-04,0.0000,0.8410
2017-04-05,0.0000,0.8350
2017-04-06,0.0000,0.8300
2017-04-07,0.0000,0.8250
2017-04-08,0.0000,0.8200
2017-04-09,0.0000,0.8150
2017-04-10,0.0000,0.8100
2017-04-11,0.0000,0.8060
2017-04-12,0.0000,0.8020
2017-04-13,0.0000,0.7990
2017-04-14,0.0000,0.7960
2017-04-15,0.0000,0.7930
2017-04-16,0.0000,0.7910
2017-04-17,0.0000,0.7890
2017-04-18,0.0000,0.7870
2017-04-19,0.0000,0.7860
2017-04-20,0.0000,0.7860
2017-04-21,0.0000,0.7860
2017-04-22,0.0000,0.7860
2017-04-23,0.0000,0.7870
2017-04-24,0.0000,0.7890
2017-04-25,0.0000,0.7920
2017-04-26,0.0000,0.7950
2017-04-27,0.0000,0.7980
2017-04-28,0.0000,0.8030
2017-04-29,0.0000,0.8080
2017-04-30,0.0000,0.8150
2017-05-01,0.0000,0.8250
2017-05-02,0.0000,0.8380
2017-05-03,0.0000,0.8560
2017-05-04,0.0000,0.8790
2017-05-05,45.4545,0.9090
2017-05-06,0.0000,0.9460
2017-05-07,0.0004,0.9920
2017-05-08,0.0000,1.0500
2017-05-09,0.0000,1.1200
2017-05-10,0.0000,1.2000
2017-05-11,0.0000,1.3100
2017-05-12,0.0000,1.4300
2017-05-13,0.0000,1.6000
2017-05-14,2.1267,1.8000
2017-05-15,0.0000,2.0700
2017-05-16,1.5448,2.4200
2017-05-17,12.8376,2.8800
2017-05-18,60.8874,3.4700
2017-05-19,1.7831,4.2300
2017-05-20,4.3882,5.1000
2017-05-21,3.9708,6.0400
2017-05-22,10.1098,6.9300
2017-05-23,11.1133,7.6600
2017-05-24,9.6389,8.1800
2017-05-25,25.5510,8.5000
2017-05-26,17.6138,8.6600
2017-05-27,153.7692,8.7000
2017-05-28,70.6375,8.6500
2017-05-29,84.0683,8.5700
2017-05-30,76.4842,8.5000
2017-05-31,54.9186,8.4800
2017-06-01,79.9691,8.5900
2017-06-02,74.7798,8.9900
2017-06-03,70.7974,9.8200
2017-06-04,66.1230,11.0000
2017-06-05,78.1186,17.8000
2017-06-06,108.2402,35.2000
2017-06-07,134.8545,82.6000
2017-06-08,154.3585,110.0000
2017-06-09,157.8553,119.0000
2017-06-10,150.6407,129.0000
2017-06-11,153.1999,146.0000
2017-06-12,154.4667,127.0000
2017-06-13,145.1031,112.0000
2017-06-14,137.6632,107.0000
2017-06-15,105.3342,102.0000
2017-06-16,87.2820,99.4000
2017-06-17,84.6244,105.0000
2017-06-18,87.8621,96.0000
2017-06-19,110.3531,85.1000
2017-06-20,119.5299,79.4000
2017-06-21,90.5983,69.6000
2017-06-22,104.9137,56.2000
2017-06-23,101.2283,48.3000
2017-06-24,110.8868,53.1000
2017-06-25,96.9311,67.2000
2017-06-26,118.1997,80.6000
2017-06-27,115.1699,81.3000
2017-06-28,133.0763,65.8000
2017-06-29,135.6512,54.9000
2017-06-30,132.4840,55.2000
2017-07-01,128.8025,71.9000
2017-07-02,123.8006,85.7000
2017-07-03,159.2261,100.0000
2017-07-04,122.0035,72.9000
2017-07-05,127.6712,51.0000
2017-07-06,88.1208,40.4000
2017-07-07,133.2859,38.0000
2017-07-08,101.0230,40.7000
2017-07-09,118.7606,57.0000
2017-07-10,107.2464,65.8000
2017-07-11,92.7467,70.7000
2017-07-12,187.9378,94.1000
2017-07-13,155.2329,141.0000
2017-07-14,156.4937,144.0000
2017-07-15,93.7578,87.2000
2017-07-16,77.1916,77.8000
2017-07-17,78.0044,79.7000
2017-07-18,72.7376,74.0000
2017-07-19,47.0817,63.0000
2017-07-20,26.9052,53.8000
2017-07-21,13.1449,46.1000
2017-07-22,8.1812,44.5000
2017-07-23,2.8830,45.6000
2017-07-24,0.5505,44.4000
2017-07-25,0.0379,43.6000
2017-07-26,0.3190,44.2000
2017-07-27,12.8860,46.0000
2017-07-28,1.6135,54.1000
2017-07-29,9.8867,61.0000
2017-07-30,51.1123,73.4000
2017-07-31,30.2136,64.5000
2017-08-01,69.4905,79.1000
2017-08-02,51.5505,69.2000
2017-08-03,32.2710,52.2000
2017-08-04,22.2179,45.1000
2017-08-05,17.7015,41.6000
2017-08-06,26.2946,41.8000
2017-08-07,34.1430,37.5000
2017-08-08,23.4253,40.4000
2017-08-09,27.4284,44.5000
2017-08-10,30.1772,40.7000
2017-08-11,22.4117,37.1000
2017-08-12,28.2998,37.4000
2017-08-13,14.8581,32.5000
2017-08-14,35.1871,28.8000
2017-08-15,33.4139,26.6000
2017-08-16,31.7913,26.9000
2017-08-17,24.5447,28.0000
2017-08-18,11.5696,26.9000
2017-08-19,7.7379,39.3000
2017-08-20,42.0524,56.9000
2017-08-21,23.1889,45.9000
2017-08-22,14.6399,33.5000
2017-08-23,12.0973,25.9000
2017-08-24,10.8176,22.6000
2017-08-25,36.1387,23.0000
2017-08-26,40.0969,23.0000
2017-08-27,18.5344,21.1000
2017-08-28,10.7357,20.8000
2017-08-29,35.8167,23.0000
2017-08-30,41.8339,30.8000
2017-08-31,59.7288,39.0000
2017-09-01,31.5921,32.3000
2017-09-02,22.4723,25.8000
2017-09-03,11.0822,22.1000
2017-09-04,5.5187,19.9000
2017-09-05,2.6044,17.9000
2017-09-06,1.2254,16.3000
2017-09-07,0.3838,14.8000
2017-09-08,1.4611,13.6000
2017-09-09,11.7629,14.3000
2017-09-10,36.8641,18.5000
2017-09-11,30.6994,16.8000
2017-09-12,24.2400,18.5000
2017-09-13,22.6803,18.2000
2017-09-14,14.2318,16.9000
2017-09-15,9.6777,16.3000
2017-09-16,6.2015,15.2000
2017-09-17,11.8971,14.6000
2017-09-18,8.8948,14.4000
2017-09-19,4.6159,13.6000
2017-09-20,3.2204,12.4000
2017-09-21,4.4140,11.6000
2017-09-22,1.8278,10.7000
2017-09-23,2.2437,10.1000
2017-09-24,0.7905,9.5500
2017-09-25,0.3773,9.2900
2017-09-26,0.0975,9.0100
2017-09-27,0.0123,8.8100
2017-09-28,0.0002,8.6400
2017-09-29,0.0044,8.4000
2017-09-30,0.0151,8.1100
2017-10-01,0.2735,7.8600
2017-10-02,3.5397,7.7200
2017-10-03,8.3645,7.6500
2017-10-04,6.9604,7.4500
2017-10-05,3.7644,7.2800
2017-10-06,7.3745,7.1900
2017-10-07,8.3627,7.1000
2017-10-08,4.1737,6.8400
2017-10-09,2.8009,6.3100
2017-10-10,4.2993,6.2000
2017-10-11,16.3509,5.8800
2017-10-12,5.7455,5.5400
2017-10-13,1.1315,5.4100
2017-10-14,23.6934,5.3500
2017-10-15,13.6405,5.3500
2017-10-16,139.7291,5.8300
2017-10-17,10.5462,6.0800
2017-10-18,6.1064,6.3600
2017-10-19,0.0141,5.9900
2017-10-20,0.0005,4.6400
2017-10-21,0.0000,3.7900
2017-10-22,0.0000,3.4300
2017-10-23,0.0000,3.2200
2017-10-24,0.0000,3.0600
2017-10-25,0.0000,2.9700
2017-10-26,0.0000,2.9300
2017-10-27,25.6769,2.9300
2017-10-28,1.0366,2.9600
2017-10-29,0.0015,2.9900
2017-10-30,0.0011,3.0200
2017-10-31,0.0005,3.0400
2017-11-01,0.0001,3.0500
2017-11-02,0.0028,3.0500
2017-11-03,2.7114,3.0400
2017-11-04,0.4581,3.0100
2017-11-05,0.0000,2.9500
2017-11-06,0.0002,2.8700
2017-11-07,0.0000,2.7500
2017-11-08,0.2300,2.6200
2017-11-09,0.0000,2.5000
2017-11-10,0.0000,2.3900
2017-11-11,0.0000,2.3000
2017-11-12,0.0000,2.2400
2017-11-13,0.0000,2.1900
2017-11-14,0.0000,2.1500
2017-11-15,0.0000,2.1200
2017-11-16,0.0000,2.0900
2017-11-17,0.0000,2.0500
2017-11-18,0.0000,2.0100
2017-11-19,0.0000,1.9700
2017-11-20,0.0000,1.9300
2017-11-21,0.0000,1.8900
2017-11-22,0.0000,1.8400
2017-11-23,0.0000,1.7900
2017-11-24,0.0000,1.7500
2017-11-25,0.0000,1.7000
2017-11-26,0.0000,1.6600
2017-11-27,0.0000,1.6100
2017-11-28,0.0000,1.5700
2017-11-29,0.0000,1.5200
2017-11-30,0.0000,1.4800
2017-12-01,0.0000,1.4400
2017-12-02,0.0000,1.4000
2017-12-03,0.0000,1.3700
2017-12-04,0.0000,1.3300
2017-12-05,0.0000,1.3000
2017-12-06,0.0000,1.2700
2017-12-07,0.0000,1.2400
2017-12-08,0.0000,1.2100
2017-12-09,0.0000,1.1800
2017-12-10,0.0000,1.1500
2017-12-11,0.0000,1.1300
2017-12-12,0.0000,1.1000
2017-12-13,0.0000,1.0700
2017-12-14,0.0000,1.0500
2017-12-15,0.0000,1.0300
2017-12-16,0.0000,1.0000
2017-12-17,0.0000,0.9800
2017-12-18,0.0000,0.9580
2017-12-19,0.0000,0.9360
2017-12-20,0.0000,0.9150
2017-12-21,0.0000,0.8940
2017-12-22,0.0000,0.8740
2017-12-23,0.0000,0.8540
2017-12-24,0.0000,0.8350
2017-12-25,0.0000,0.8160
2017-12-26,0.0000,0.7980
2017-12-27,0.0000,0.7800
2017-12-28,0.0000,0.7620
2017-12-29,0.0000,0.7450
2017-12-30,0.0000,0.7290
2017-12-31,0.0000,0.7130
2018-01-01,0.0000,0.6970
2018-01-02,0.0000,0.6820
2018-01-03,0.0000,0.6670
2018-01-04,0.0000,0.6530
2018-01-05,0.0000,0.6380
2018-01-06,0.0000,0.6250
2018-01-07,0.0000,0.6110
2018-01-08,0.0000,0.5980
2018-01-09,0.0000,0.5860
2018-01-10,0.0000,0.5730
2018-01-11,0.0000,0.5610
2018-01-12,0.0000,0.5490
2018-01-13,0.0000,0.5380
2018-01-14,0.0000,0.5270
2018-01-15,0.0000,0.5160
2018-01-16,0.0000,0.5060
2018-01-17,0.0000,0.4960
2018-01-18,0.0000,0.4860
2018-01-19,0.0000,0.4760
2018-01-20,0.0000,0.4670
2018-01-21,0.0000,0.4580
2018-01-22,0.0000,0.4490
2018-01-23,0.0000,0.4400
2018-01-24,0.0000,0.4320
2018-01-25,0.0000,0.4240
2018-01-26,0.0000,0.4160
2018-01-27,0.0000,0.4080
2018-01-28,0.0000,0.4010
2018-01-29,0.0000,0.3940
2018-01-30,0.0000,0.3870
2018-01-31,0.0000,0.3800
2018-02-01,0.0000,0.3730
2018-02-02,0.0000,0.3670
2018-02-03,0.0000,0.3610
2018-02-04,0.0000,0.3550
2018-02-05,0.0000,0.3490
2018-02-06,0.0000,0.3430
2018-02-07,0.0000,0.3380
2018-02-08,0.0000,0.3330
2018-02-09,0.0000,0.3280
2018-02-10,0.0000,0.3230
2018-02-11,0.0000,0.3180
2018-02-12,0.0000,0.3140
2018-02-13,0.0000,0.3090
2018-02-14,0.0000,0.3050
2018-02-15,0.0000,0.3010
2018-02-16,0.0000,0.2970
2018-02-17,0.0000,0.2930
2018-02-18,0.0000,0.2900
2018-02-19,0.0000,0.2860
2018-02-20,0.0000,0.2830
2018-02-21,0.0000,0.2800
2018-02-22,0.0000,0.2770
2018-02-23,0.0000,0.2740
2018-02-24,0.0000,0.2710
2018-02-25,0.0000,0.2680
2018-02-26,0.0000,0.2660
2018-02-27,0.0000,0.2630
2018-02-28,0.0000,0.2610
2018-03-01,0.0000,0.2590
2018-03-02,0.0000,0.2570
2018-03-03,0.0000,0.2550
2018-03-04,0.0000,0.2530
2018-03-05,0.0000,0.2510
2018-03-06,0.0000,0.2500
2018-03-07,0.0000,0.2480
2018-03-08,0.0000,0.2470
2018-03-09,0.0000,0.2450
2018-03-10,0.0000,0.2440
2018-03-11,0.0000,0.2430
2018-03-12,0.0000,0.2420
2018-03-13,0.0000,0.2410
2018-03-14,0.0000,0.2410
2018-03-15,0.0000,0.2400
2018-03-16,0.0000,0.2390
2018-03-17,0.0000,0.2390
2018-03-18,0.0000,0.2380
2018-03-19,0.0000,0.2380
2018-03-20,0.0000,0.2370
2018-03-21,0.0000,0.2370
2018-03-22,0.0000,0.2370
2018-03-23,0.0000,0.2370
2018-03-24,0.0000,0.2370
2018-03-25,0.0000,0.2360
2018-03-26,0.0000,0.2360
2018-03-27,0.0000,0.2360
2018-03-28,0.0000,0.2360
2018-03-29,0.0000,0.2360
2018-03-30,0.0000,0.2360
2018-03-31,0.0000,0.2360
2018-04-01,0.0000,0.2360
2018-04-02,0.0000,0.2360
2018-04-03,0.0000,0.2370
2018-04-04,0.0000,0.2370
2018-04-05,0.0000,0.2370
2018-04-06,0.0000,0.2370
2018-04-07,0.0000,0.2370
2018-04-08,0.0000,0.2370
2018-04-09,0.0000,0.2370
2018-04-10,0.0000,0.2370
2018-04-11,0.0000,0.2370
2018-04-12,0.0000,0.2370
2018-04-13,0.0000,0.2370
2018-04-14,0.0000,0.2370
2018-04-15,0.0000,0.2360
2018-04-16,0.0000,0.2360
2018-04-17,0.0000,0.2370
2018-04-18,0.0000,0.2430
2018-04-19,0.0000,0.2660
2018-04-20,33.7265,0.3180
2018-04-21,0.3169,0.4240
2018-04-22,0.2972,0.6250
2018-04-23,1.7864,0.9680
2018-04-24,0.3872,1.4900
2018-04-25,1.3936,2.0500
2018-04-26,25.6654,2.6000
2018-04-27,0.4637,3.2300
2018-04-28,12.6203,3.7400
2018-04-29,11.2214,3.8200
2018-04-30,5.8184,3.6300
2018-05-01,13.7214,3.4800
2018-05-02,2.2389,3.5500
2018-05-03,3.6683,4.3600
2018-05-04,6.5295,5.9400
2018-05-05,13.0721,8.5100
2018-05-06,138.2635,17.6000
2018-05-07,60.6847,17.6000
2018-05-08,44.4778,14.8000
2018-05-09,79.8044,15.5000
2018-05-10,94.2399,33.4000
2018-05-11,119.7674,63.9000
2018-05-12,130.0448,83.6000
2018-05-13,107.5260,82.6000
2018-05-14,109.3465,84.7000
2018-05-15,114.8393,84.8000
2018-05-16,125.1347,79.5000
2018-05-17,91.8504,51.4000
2018-05-18,87.2452,34.5000
2018-05-19,76.5268,27.0000
2018-05-20,62.5277,37.6000
2018-05-21,98.2265,54.2000
2018-05-22,84.6547,47.0000
2018-05-23,57.1119,31.7000
2018-05-24,61.1832,23.4000
2018-05-25,56.7737,25.3000
2018-05-26,98.1154,26.7000
2018-05-27,62.2735,22.4000
2018-05-28,48.1834,35.2000
2018-05-29,20.6692,49.9000
2018-05-30,9.7853,39.5000
2018-05-31,1.9122,36.9000
2018-06-01,0.7848,40.3000
2018-06-02,4.0210,34.4000
2018-06-03,27.3301,27.2000
2018-06-04,19.8618,20.1000
2018-06-05,32.2530,15.8000
2018-06-06,29.7057,13.1000
2018-06-07,29.9577,11.5000
2018-06-08,22.4807,10.3000
2018-06-09,26.0804,10.4000
2018-06-10,29.0581,13.4000
2018-06-11,25.4826,16.0000
2018-06-12,22.4776,15.5000
2018-06-13,11.2848,13.3000
2018-06-14,6.0510,19.0000
2018-06-15,25.2207,33.2000
2018-06-16,11.7312,34.5000
2018-06-17,4.7143,35.7000
2018-06-18,38.9057,48.2000
2018-06-19,75.8694,75.5000
2018-06-20,87.2919,66.6000
2018-06-21,94.2105,55.6000
2018-06-22,59.6091,56.1000
2018-06-23,87.8791,52.4000
2018-06-24,64.9084,39.9000
2018-06-25,43.2105,42.8000
2018-06-26,40.0753,39.6000
2018-06-27,57.7959,33.5000
2018-06-28,33.2611,27.7000
2018-06-29,28.6241,23.0000
2018-06-30,16.9297,20.0000
2018-07-01,7.2448,25.8000
2018-07-02,2.1477,36.2000
2018-07-03,35.2469,45.6000
2018-07-04,17.1655,40.9000
2018-07-05,7.9255,39.3000
2018-07-06,9.0550,37.3000
2018-07-07,9.8636,30.5000
2018-07-08,8.5055,26.2000
2018-07-09,6.1337,26.1000
2018-07-10,1.2434,27.8000
2018-07-11,0.0051,28.1000
2018-07-12,20.6137,31.2000
2018-07-13,19.7716,28.6000
2018-07-14,10.5255,24.5000
2018-07-15,6.1332,21.8000
2018-07-16,1.8437,21.8000
2018-07-17,7.7340,25.0000
2018-07-18,0.5817,30.1000
2018-07-19,36.0595,39.0000
2018-07-20,22.9860,34.3000
2018-07-21,27.1062,28.6000
2018-07-22,30.9897,29.3000
2018-07-23,16.4170,22.1000
2018-07-24,20.8720,22.3000
2018-07-25,65.0234,29.2000
2018-07-26,31.1787,24.5000
2018-07-27,13.7692,20.2000
2018-07-28,4.0153,19.5000
2018-07-29,2.4275,21.9000
2018-07-30,4.6591,22.5000
2018-07-31,0.3994,21.7000
2018-08-01,12.6316,21.4000
2018-08-02,1.8735,18.7000
2018-08-03,21.2328,17.8000
2018-08-04,8.0386,16.1000
2018-08-05,5.9740,13.9000
2018-08-06,4.6310,12.2000
2018-08-07,2.4880,10.9000
2018-08-08,2.3194,11.2000
2018-08-09,33.8948,12.9000
2018-08-10,22.0571,14.2000
2018-08-11,45.3280,19.6000
2018-08-12,47.7010,23.4000
2018-08-13,36.6785,20.3000
2018-08-14,26.8450,17.0000
2018-08-15,21.0436,14.6000
2018-08-16,15.7705,13.9000
2018-08-17,39.0296,14.2000
2018-08-18,23.1959,13.7000
2018-08-19,52.5767,14.6000
2018-08-20,35.9938,18.2000
2018-08-21,29.9141,18.3000
2018-08-22,21.2913,17.2000
2018-08-23,16.4268,15.1000
2018-08-24,18.5449,14.7000
2018-08-25,42.1549,15.0000
2018-08-26,28.3552,13.8000
2018-08-27,15.1944,12.3000
2018-08-28,8.0601,11.0000
2018-08-29,4.2469,10.9000
2018-08-30,28.7748,11.6000
2018-08-31,15.1774,10.9000
2018-09-01,7.3711,10.2000
2018-09-02,7.7141,10.2000
2018-09-03,7.6186,10.7000
2018-09-04,5.2300,10.1000
2018-09-05,2.1015,9.3300
2018-09-06,4.4791,8.7300
2018-09-07,1.8452,8.1700
2018-09-08,0.5923,7.7500
2018-09-09,0.2075,7.3900
2018-09-10,0.0787,7.5300
2018-09-11,10.5299,7.6600
2018-09-12,1.5898,7.4000
2018-09-13,3.7230,7.1300
2018-09-14,25.9847,7.2400
2018-09-15,41.0460,10.5000
2018-09-16,63.6848,11.3000
2018-09-17,34.3962,11.0000
2018-09-18,21.7213,10.5000
2018-09-19,36.0965,12.3000
2018-09-20,42.5842,13.2000
2018-09-21,37.3255,13.8000
2018-09-22,36.6275,15.9000
2018-09-23,55.7672,15.8000
2018-09-24,31.0891,14.9000
2018-09-25,32.5918,14.4000
2018-09-26,48.0293,14.6000
2018-09-27,26.0457,13.6000
2018-09-28,14.9969,12.0000
2018-09-29,2.2128,11.0000
2018-09-30,0.9875,10.2000
2018-10-01,3.8259,9.5400
2018-10-02,4.3444,8.9500
2018-10-03,0.6574,8.3500
2018-10-04,0.0000,7.6800
2018-10-05,0.0003,7.3400
2018-10-06,0.0010,7.1600
2018-10-07,0.0006,6.6100
2018-10-08,0.0010,6.7100
2018-10-09,0.6569,6.7800
2018-10-10,0.2250,6.6900
2018-10-11,0.2026,6.8000
2018-10-12,2.5181,7.0800
2018-10-13,1.9880,8.7900
2018-10-14,15.1494,22.4000
2018-10-15,14.1889,32.9000
2018-10-16,9.1646,25.8000
2018-10-17,7.3895,20.2000
2018-10-18,12.8953,18.2000
2018-10-19,8.9435,18.3000
2018-10-20,38.3537,17.6000
2018-10-21,41.5453,15.9000
2018-10-22,12.6773,13.5000
2018-10-23,0.5741,10.7000
2018-10-24,0.0001,9.4900
2018-10-25,0.0002,8.8700
2018-10-26,0.0005,8.3700
2018-10-27,0.0001,7.5200
2018-10-28,0.0001,7.0400
2018-10-29,0.0001,6.1700
2018-10-30,0.0026,6.4000
2018-10-31,0.0006,6.7000
2018-11-01,1.2809,6.3200
2018-11-02,0.0999,6.3400
2018-11-03,0.0835,6.2700
2018-11-04,1.0257,6.8700
2018-11-05,1.3316,8.1300
2018-11-06,2.5017,9.1400
2018-11-07,6.6060,8.6500
2018-11-08,6.0056,7.5400
2018-11-09,1.7614,7.0200
2018-11-10,0.1673,6.5700
2018-11-11,6.0768,6.2600
2018-11-12,1.6847,6.1300
2018-11-13,0.0004,5.9300
2018-11-14,1.1419,5.7200
2018-11-15,5.4591,5.9100
2018-11-16,35.3646,7.4300
2018-11-17,53.9770,8.4700
2018-11-18,15.6998,7.1800
2018-11-19,3.7851,6.9200
2018-11-20,2.5518,5.3500
2018-11-21,0.0003,5.6400
2018-11-22,0.0007,4.5400
2018-11-23,0.0012,4.4400
2018-11-24,0.0000,4.3600
2018-11-25,0.0000,3.9600
2018-11-26,0.0000,3.8000
2018-11-27,0.0000,3.9100
2018-11-28,0.0000,4.0300
2018-11-29,0.0000,4.1000
2018-11-30,0.0000,4.0600
2018-12-01,0.0006,3.9600
2018-12-02,0.0000,3.8200
2018-12-03,0.0000,3.6300
2018-12-04,0.0000,3.4300
2018-12-05,0.0000,3.2500
2018-12-06,0.0000,3.1300
2018-12-07,0.0000,3.0400
2018-12-08,0.0000,2.9700
2018-12-09,0.0000,2.9000
2018-12-10,0.0000,2.8400
2018-12-11,0.0715,2.7600
2018-12-12,0.0552,2.6900
2018-12-13,0.0822,2.6000
2018-12-14,0.0351,2.5100
2018-12-15,0.2164,2.4200
2018-12-16,0.2703,2.3500
2018-12-17,0.0722,2.3000
2018-12-18,0.1607,2.2500
2018-12-19,0.1988,2.2000
2018-12-20,0.1418,2.1700
2018-12-21,0.0873,2.1400
2018-12-22,0.0966,2.1200
2018-12-23,0.0957,2.1000
2018-12-24,0.0941,2.0800
2018-12-25,0.0817,2.0600
2018-12-26,0.0513,2.0400
2018-12-27,0.0313,2.0200
2018-12-28,0.1077,2.0000
2018-12-29,0.2601,1.9800
2018-12-30,0.3236,1.9600
2018-12-31,0.2682,1.9400
